先生 ， 早 ， 歡迎 光臨 本店 。 三 。,您好 ， 總共 兩 位 。 零 。
請 進來 。 需要 我 效勞 嗎 ？ 四 。,是的 ， 總共 兩 位 。 零 。
是的 ， 總共 兩 位 。 零 。,這邊 請 ！ 零 。
我 要點 餐 。 零 。,什麼 ？ 請 再說 一 遍 。 四 。
請問 您 需要 什麼 ？ 四 。,不好意思 ， 這個 我 不 會 用 英語 說 。六 。
不好意思 ， 這個 我 不 會 用 英語 說 。六 。,我 找 人 來 幫 您 。零 。
您 可 不 可以 幫 我 一個 忙 ？ 四 。,好 的 ， 請問 您 需要 什麼 幫忙 ？ 四 。
好 的 ， 請問 您 需要 什麼 幫忙 ？ 四 。,這 份 餐點 沒有 熟 。 零 。
這 份 餐點 沒有 熟 。 零 。,這個 嘛 ， 我 看看 … 零 。
我 在 找 鞋子 。 零 。,請問 需要 什麼 大小 ？ 四 。
你們 有 沒 有 賣 帽子 ？ 四 。,有 ， 但是 賣 光 了 。七 。
您 想 要 看 些 什麼 ？ 四 。,我 只是 看看 。 零 。
抱歉 ， 讓 您 久 等 。 您 覺得 這個 怎樣 ？ 四 。,我 覺得 還 不錯 。 八 。
我 覺得 還 不錯 。 八 。,還 需要 什麼 別的 嗎 ？ 四 。
還 需要 什麼 別的 嗎 ？ 四 。,就 這個 ， 謝謝 您 零 。
您 有 什麼 建議 ？ 四 。,要 不 要 我 推薦 一些 東西 給 你 ？ 九 。
要 不 要 我 推薦 一些 東西 給 你 ？ 九 。,好 的 ， 麻煩 了 。 三 。
你們 營業 時間 到 幾 點 ？ 四 。,到 下午 九點。八 。
到 下午 九點。八 。,那 你們 幾 點 開門 ？ 四 。
那 你們 幾 點 開門 ？ 四 。,上午 10點 。 八 。
何時 開門 ？ 四 。,除 週一 外 每天 都 開放 ， 我們 假日 公休 。 八 。
我 要 退 錢 。 請 經理 出來 跟 我 說 好 嗎 ？ 五 。,對不起 ， 我們 弄 錯 了 。七 。
我 的 咖啡 做 錯 了 七 。,我們 會 換 新 的 給 您 。零 。
先生 ， 早 ！ 零 。,早安 。零 。
女士 ， 午安 。零 。,午安 。零 。
小姐 ， 晚安 。零 。,晚安 。零 。
歡迎 光臨 本館 ， 需要 我 效勞 嗎 ？ 四 。,請 給 我 菜單 。 零 。
要 我 幫 什麼 忙 嗎 ？ 四 。,兩 位 。 零 。
兩 位 。 零 。,這邊 請 ！ 零 。
請 坐 ！ 要 不 要 喝 什麼 ？ 九 。,來杯 卡布奇諾 。 零 。
來杯 卡布奇諾 。 零 。,什麼 ？ 請 再說 一 遍 。 四 。
什麼 ？ 請 再說 一 遍 。 四 。,我 要 一 杯 卡布奇諾 。 零 。
我 要 一 杯 卡布奇諾 。 零 。,抱歉 。 我 不 懂 您 的 意思 。 七 。
這裏 是 餐廳 訂 位 組 。 零 。,我 要 訂位 。零 。
我 要 訂位 。零 。,要 訂 哪個 時候 的 ？ 四 。
要 訂 哪個 時候 的 ？ 四 。,今晚 8點 。零 。
幾 位 ？,三 個 大人 一個 小孩 零 。
三 個 大人 一個 小孩 零 。,總共 三 加 一 位 ？ 四 。
總共 三 加 一 位 ？ 四 。,是的 零 。
是的 零 。,請 在 此 等候 ， 我 會 帶 您 就座．零 。
您 較 喜歡 坐 在 哪兒 ？ 四 。,靠 窗 那 桌零 。
靠 窗 那 桌零 。,抱歉 ， 這 桌 已 有 人 訂． 零 。
我 想 訂 8 位 ， 七 點 用餐 。 零 。,好 的 三 。
好 的 三 。,麻煩 安排 角落 的 座位 。 零 。
麻煩 安排 角落 的 座位 。 零 。,好 的 ， 我 馬上 送 菜單 來 。 九 。
菜單 來 了 。 請 慢慢 參考 才 決定 。 九 。,可以 開始 點菜 了 嗎 ？ 四 。
可以 開始 點菜 了 嗎 ？ 四 。,好 的 ， 您 想 要 喝 點 什麼 ？ 四 。
好 的 ， 您 想 要 喝 點 什麼 ？ 四 。,我 要 一 杯 黑 咖啡 。 零 。
我 要 一 杯 黑 咖啡 。 零 。,還要 點 些 別的 什麼 嗎 ？ 四 。
還要 點 些 別的 什麼 嗎 ？ 四 。,就 這樣 ， 謝謝 。零 。
這裏 用 還是 外帶 ？ 四 。,我 想 外帶 。 零 。
全部 就 這些 ？ 四 。,是的 ， 總共 多少 錢 ？ 四 。
抱歉 ， 餐廳 要 打烊 了 。七 。,好 的 。 三 。
先生 ， 晚安 。 這 是 菜單 。 九 。,好 。 給 我 幾 分鐘 ， 讓 我 看 一下 。 零 。
好 。 給 我 幾 分鐘 ， 讓 我 看 一下 。 零 。,您 慢慢 看 。 我等會兒 就 過來 。 零 。
先生 ， 現在 可以 幫 您 點菜 了 嗎 ？ 九 。,可以 了 。 我 想 先 來 一 份 雞湯 。 零 。
可以 了 。 我 想 先 來 一 份 雞湯 。 零 。,主菜 您 想 點 什麼 ？ 四 。
主菜 您 想 點 什麼 ？ 四 。,菲力 牛排 。 零 。
菲力 牛排 。 零 。,您 要 幾 分 熟 ？ 四 。
您 要 幾 分 熟 ？ 四 。,四分熟 的 。 零 。
四分熟 的 。 零 。,要點 甜點 嗎 ？ 四 。
要點 甜點 嗎 ？ 四 。,不 。 我 過 一會兒 再 點 。 零 。
你 要 喝 點 甚 麼 嗎 ？ 九 。,你們 有 卡布奇諾 嗎 ？ 四 。
你們 有 卡布奇諾 嗎 ？ 四 。,有 啊 ， 我們 有 卡布奇諾 跟 黑 咖啡 。 零 。
有 啊 ， 我們 有 卡布奇諾 跟 黑 咖啡 。 零 。,那 我 要 卡布奇諾 。 零 。
那 我 要 卡布奇諾 。 零 。,好 的 ， 我 轉頭 就 爲 你 送 上 卡布奇諾 。 零 。
你 要 喝 點 甚 麼 嗎 ？ 四 。,我 喝 水 就 可以 了 ， 謝謝 。零 。
我 喝 水 就 可以 了 ， 謝謝 。零 。,好 的 ， 你 現在 要點 餐 嗎 ？ 九 。
好 的 ， 你 現在 要點 餐 嗎 ？ 九 。,嗯 … 可以 給 我 一點 時間 嗎 ？ 四 。
嗯 … 可以 給 我 一點 時間 嗎 ？ 四 。,當然 可以 喔 ， 我 等 一下 再 回來 。 零 。
你 現在 要點 餐 嗎 ？ 九 。,是的 ， 我 要 一 杯 卡布奇諾 ， 不要 糖 。 零 。
是的 ， 我 要 一 杯 卡布奇諾 ， 不要 糖 。 零 。,好 的 ， 還有 其他 嗎 ？ 四 。
好 的 ， 還有 其他 嗎 ？ 四 。,沒有 了 ， 就 這樣 。 零 。
沒有 了 ， 就 這樣 。 零 。,好 的 ， 我 等 下 就 爲 你 送 上 餐點 。 三 。
這 是 你 的 卡布奇諾 。 零 。,謝謝 你 。 一 。
卡布奇諾 好 喝 嗎 ？ 四 。,很 好 喝 。 二 。
很 好 喝 。 二 。,太 好 了 ， 慢慢 享用 。零 。
我 可以 買單 嗎 ？ 四 。,當然 可以 ， 這 是 你 的 帳單 ， 請問 你 要 付現 還 是 刷卡 ？ 四 。
當然 可以 ， 這 是 你 的 帳單 ， 請問 你 要 付現 還 是 刷卡 ？ 四 。,現金 。零 。
現金 。零 。,謝謝 ， 請 稍 等 ， 我 去 找錢 。 一 。
謝謝 ， 請 稍 等 ， 我 去 找錢 。 一 。,好 的 。 三 。
好 的 。 三 。,這 是 你 的 零錢 ， 非常 感謝 你 的 光顧 。一 。
服務生 ！ 零 。,是的 ， 強森 先生 。 您 要點 菜 了 嗎 ？ 九 。
是的 ， 強森 先生 。 您 要點 菜 了 嗎 ？ 九 。,是的 。 今天 的 招牌菜 是 什麼 ？ 四 。
是的 。 今天 的 招牌菜 是 什麼 ？ 四 。,我們 有 牛排 、 炸雞 或 炸 蝦特餐 ， 以及 時菜 炒 飯 等 。 九 。
我們 有 牛排 、 炸雞 或 炸 蝦特餐 ， 以及 時菜 炒 飯 等 。 九 。,我 要 牛排 特餐 。零 。
我 要 牛排 特餐 。零 。,您 牛排 要 幾 分 熟 ？ 四 。
您 牛排 要 幾 分 熟 ？ 四 。,三 分 熟 。 零 。
三 分 熟 。 零 。,您 附餐 要 茶 還是 咖啡 ？ 四 。
您 附餐 要 茶 還是 咖啡 ？ 四 。,咖啡 好 了 。零 。
咖啡 好 了 。零 。,還要 什麼 嗎 ？ 四 。
還要 什麼 嗎 ？ 四 。,先 這樣 好 了 。零 。
先 這樣 好 了 。零 。,我們 馬上 送 上 您 的 晚餐 。 零 。
你 要 喝 點 甚 麼 嗎 ？ 九 。,我 可以 要 一 杯 橘子汁 嗎 ？ 四 。
我 可以 要 一 杯 橘子汁 嗎 ？ 四 。,當然 。 我等 下 拿 你 的 飲料 來 。 零 。
這 是 你 的 橘子汁 。 零 。,謝謝 。一 。
謝謝 。一 。,我 可以 幫 你 點 餐 嗎 ？ 九 。
我 可以 幫 你 點 餐 嗎 ？ 九 。,可以 ， 我 要 一個 黑 咖啡 。 零 。
可以 ， 我 要 一個 黑 咖啡 。 零 。,好 的 馬上 來 。 零 。
好 的 馬上 來 。 零 。,謝謝 。一 。
有 沒 有 興趣 來 些 甜點 呢 ？ 九 。,您 能 不 能 給 我們 你們 的 甜點 單 呢 ？ 四 。
您 能 不 能 給 我們 你們 的 甜點 單 呢 ？ 四 。,當然 ！ 我 馬上 回來 ！ 九 。
我 想 點 白 巧克力 慕斯 蛋糕 。 零 。,沒 問題 ！ 三 。
可以 請 你 拿 毛衣 給 我 看看 嗎 ？ 四 。,當然 可以 ， 先生 。 我們 這裏 有 很多 款式 。零 。
當然 可以 ， 先生 。 我們 這裏 有 很多 款式 。零 。,對不起 。 我 想 要 女生 穿 的 毛衣 ， 不 是 男生 的 。 零 。
對不起 。 我 想 要 女生 穿 的 毛衣 ， 不 是 男生 的 。 零 。,喔 ， 我 知道 了 。 女用 毛衣 在 這 。 零 。
您 想 要 V 字領 的 還是 翻折式 高領 的 樣式 ？ 四 。,翻折式 高領 的 樣式 。零 。
翻折式 高領 的 樣式 。零 。,這些 有 您 喜歡 的 嗎 ？ 四 。
這些 有 您 喜歡 的 嗎 ？ 四 。,那 件 很 不錯 。 多少 錢 ？ 四 。
那 件 很 不錯 。 多少 錢 ？ 四 。,一百六十九 元 。 零 。
一百六十九 元 。 零 。,比 我 想 的 還要 貴 。 你 有 便宜 點 的 嗎 ？ 四 。
比 我 想 的 還要 貴 。 你 有 便宜 點 的 嗎 ？ 四 。,當然 有 ， 先生 。 你 預算 多少 ？ 四 。
當然 有 ， 先生 。 你 預算 多少 ？ 四 。,我 想 要 一百 元 以下 的 。 零 。
我 想 要 一百 元 以下 的 。 零 。,既然 這樣 ， 我 大力 推薦 這 一 件 。 它 只 超出 您 的 預算五 元 ， 而且 物超所值 。零 。
既然 這樣 ， 我 大力 推薦 這 一 件 。 它 只 超出 您 的 預算五 元 ， 而且 物超所值 。零 。,好 的 。 我 就 買 這 件 。 零 。
我們 可以 看 一下 廚房 嗎 ？ 四 。,當然 。 這邊 請 。 零 。
當然 。 這邊 請 。 零 。,哦 ， 廚房 好 寬敞 。 零 。
哦 ， 廚房 好 寬敞 。 零 。,是的 。 我 就 知道 妳 會 喜歡 。 零 。
是的 。 我 就 知道 妳 會 喜歡 。 零 。,這 臺 冰箱 是 新 的 嗎 ？ 四 。
這 臺 冰箱 是 新 的 嗎 ？ 四 。,是的 ， 它 是 全新 的 。零 。
是的 ， 它 是 全新 的 。零 。,嗯 … 還有 一個 問題 ︰ 這 棟 大樓 裏 可以 養 狗 嗎 ？ 四 。
嗯 … 還有 一個 問題 ︰ 這 棟 大樓 裏 可以 養 狗 嗎 ？ 四 。,狗 ？ 我 想 是 可以 的 。 三 。
狗 ？ 我 想 是 可以 的 。 三 。,我們 什麼 時候 可以 搬 進來 ？ 四 。
我們 什麼 時候 可以 搬 進來 ？ 四 。,隨時 。 零 。
隨時 。 零 。,如果 你 覺得 可以 的 話 ， 我們 想 明天 就 搬 進來 。 零 。
如果 你 覺得 可以 的 話 ， 我們 想 明天 就 搬 進來 。 零 。,沒 問題 。 我 想 請 你們 預付 兩 個 月 的 租金 ， 外加 八百 元 的 損毀 押金 ， 你們 搬走 時 就 會 退還 給 你們 。 三 。
先生 ， 我 能 爲 您 效勞 嗎 ？ 四 。,是的 ， 我 想 買 一 套 客廳 傢俱 。 零 。
是的 ， 我 想 買 一 套 客廳 傢俱 。 零 。,請 到 這邊 來 。 我們 有 非常 多 的 選擇 。 零 。
請 到 這邊 來 。 我們 有 非常 多 的 選擇 。 零 。,這 張 桌子 是 用 什麼 做 的 ？ 四 。
這 張 桌子 是 用 什麼 做 的 ？ 四 。,是 這 張 嗎 ？ 四 。
是 這 張 嗎 ？ 四 。,不 是 ， 是 那邊 那 張 。零 。
不 是 ， 是 那邊 那 張 。零 。,它 是 楓木 做 的 。零 。
它 是 楓木 做 的 。零 。,哦 ， 我 喜歡 這 張 沙發 。 它 像 牀 一樣 舒服 。 零 。
哦 ， 我 喜歡 這 張 沙發 。 它 像 牀 一樣 舒服 。 零 。,嗯 ， 這 是 一 張 牀 。 我 的 意思 是 ， 它 可以 變成 一 張 牀 。 零 。
嗯 ， 這 是 一 張 牀 。 我 的 意思 是 ， 它 可以 變成 一 張 牀 。 零 。,真是 方便 ！ 我 買 了 。 可以 分期付款 嗎 ？ 四 。
真是 方便 ！ 我 買 了 。 可以 分期付款 嗎 ？ 四 。,可以 。 您 可以 分 十二 個 月 輕鬆 付款 。 三 。
希爾頓 飯店 。 我 能 爲 您 效勞 嗎 ？ 四 。,是的 ， 我 想 預訂 一 間 明天 的 房間 。 零 。
是的 ， 我 想 預訂 一 間 明天 的 房間 。 零 。,您 想 要 什麼樣 的 房間 ？ 八 。
您 想 要 什麼樣 的 房間 ？ 八 。,一 間 雙人房 。 零 。
先生 ， 您 打算 住 多久 ？ 四 。,三 天 。 房間 的 價錢 是 多少 ？ 四 。
三 天 。 房間 的 價錢 是 多少 ？ 四 。,一個 晚上 一百一十九 元 。 零 。
一個 晚上 一百一十九 元 。 零 。,包括 餐費 嗎 ？ 四 。
包括 餐費 嗎 ？ 四 。,是的 ， 我們 在 中層 樓 有 免費 的 自助式 早餐 供應 。零 。
是的 ， 我們 在 中層 樓 有 免費 的 自助式 早餐 供應 。零 。,這樣 很 好 。 零 。
這樣 很 好 。 零 。,請問 尊 姓 大名 ？ 四 。
請問 尊 姓 大名 ？ 四 。,我 叫 約翰． 史密斯 。 零 。
我 叫 約翰． 史密斯 。 零 。,謝謝 您 ， 史密斯 先生 。 我們 期盼 您 的 光臨 。 零 。
客房 服務部 。 我 能 幫 您 什麼 忙 ？ 四 。,晚安 。 我 是 一二三 號 房 的 約翰． 史密斯 。 零 。
晚安 。 我 是 一二三 號 房 的 約翰． 史密斯 。 零 。,什麼 事 ， 先生 ？ 四 。
什麼 事 ， 先生 ？ 四 。,你們 能 幫 我 一個 忙 嗎 ？ 四 。
你們 能 幫 我 一個 忙 嗎 ？ 四 。,若 能 幫忙 ， 我 很 樂意 服務 ， 史密斯 先生 。零 。
若 能 幫忙 ， 我 很 樂意 服務 ， 史密斯 先生 。零 。,請 在 明天 早上 六點鐘 打電話 叫醒 我 ， 好 嗎 ？ 四 。
請 在 明天 早上 六點鐘 打電話 叫醒 我 ， 好 嗎 ？ 四 。,當然 可以 。 三 。
當然 可以 。 三 。,謝謝 。 那麼 早 你們 供應 早餐 了 嗎 ？ 四 。
謝謝 。 那麼 早 你們 供應 早餐 了 嗎 ？ 四 。,是的 ， 先生 。 您 可以 在 您 房間 裏 吃 早餐 或 在 餐廳 裏 吃 自助式 早餐 。零 。
是的 ， 先生 。 您 可以 在 您 房間 裏 吃 早餐 或 在 餐廳 裏 吃 自助式 早餐 。零 。,好 。 還有 一 件 事 ， 今天 晚上 我 需要 多 一 條 毛毯 。 零 。
好 。 還有 一 件 事 ， 今天 晚上 我 需要 多 一 條 毛毯 。 零 。,沒 問題 ， 史密斯 先生 。 我 馬上 送 一 條 上去 。 三 。
櫃檯 服務員 ， 早安 。零 。,早安 。 我 是 一二三 號 房 的 約翰． 史密斯 。 我 準備 要 離開 了 。請派 一個 行李員 來 搬 我 的 行李 ， 好 嗎 ？ 四 。
早安 。 我 是 一二三 號 房 的 約翰． 史密斯 。 我 準備 要 離開 了 。請派 一個 行李員 來 搬 我 的 行李 ， 好 嗎 ？ 四 。,好 的 ， 先生 。 馬上 就 來 。 三 。
先生 ， 我 能 爲 您 效勞 嗎 ？ 四 。,是的 ， 我 要 退 房 。 零 。
是的 ， 我 要 退 房 。 零 。,您 的 房間 號碼 和 鑰匙 呢 ？ 四 。
您 的 房間 號碼 和 鑰匙 呢 ？ 四 。,一二三 號 房 。 這 是 我 的 鑰匙 。 零 。
一二三 號 房 。 這 是 我 的 鑰匙 。 零 。,先生 ， 這 是 您 的 帳單 。 請 您 覈對 一下 好 嗎 ？ 四 。
先生 ， 這 是 您 的 帳單 。 請 您 覈對 一下 好 嗎 ？ 四 。,看來 沒 錯 。 你們 收 旅行 支票 嗎 ？ 四 。
看來 沒 錯 。 你們 收 旅行 支票 嗎 ？ 四 。,當然 了 ， 先生 。 三 。
當然 了 ， 先生 。 三 。,旅行 支票 給 你 。 零 。
我 想 租 輛 車 。 零 。,您 想 要 什麼樣 的 車 ？ 小型 轎車 還是 普通 轎車 ？ 四 。
您 想 要 什麼樣 的 車 ？ 小型 轎車 還是 普通 轎車 ？ 四 。,我 想 要 輛 小型 車 。 零 。
我 想 要 輛 小型 車 。 零 。,這 是 我們 的 汽車 目錄 。 零 。
這 是 我們 的 汽車 目錄 。 零 。,我 喜歡 這 輛 。 零 。
我 喜歡 這 輛 。 零 。,好 的 。 您 要 租 多久 ？ 四 。
好 的 。 您 要 租 多久 ？ 四 。,大約 一個 星期 。 租金 多少 ？ 四 。
大約 一個 星期 。 租金 多少 ？ 四 。,一 天 二十九 美元 ， 不 限 哩數 。 零 。
一 天 二十九 美元 ， 不 限 哩數 。 零 。,包括 保險 嗎 ？ 四 。
包括 保險 嗎 ？ 四 。,是的 。 我 可以 看看 您 的 駕駛 執照 嗎 ？ 四 。
是的 。 我 可以 看看 您 的 駕駛 執照 嗎 ？ 四 。,當然 可以 。 我 有 一 張 國際 駕駛 執照 ， 這 是 我 的 信用卡 。 三 。
當然 可以 。 我 有 一 張 國際 駕駛 執照 ， 這 是 我 的 信用卡 。 三 。,好 的 。請填 一下 這 張 表 ， 您 就 可以 上路 了 。零 。
您 要 加 哪 一 種 汽油 ？ 四 。,我 不 太 清楚 。 這 是 租 來 的 車 ， 而且 是 我 第一 次 加油 。零 。
我 不 太 清楚 。 這 是 租 來 的 車 ， 而且 是 我 第一 次 加油 。零 。,我們 有 普通 汽油 ， 特級 汽油 和 高級 汽油 。 這 是 新 車 ， 所以 我 建議 您 加 高級 汽油 。 零 。
我們 有 普通 汽油 ， 特級 汽油 和 高級 汽油 。 這 是 新 車 ， 所以 我 建議 您 加 高級 汽油 。 零 。,謝謝 。 請 加滿 。 一 。
謝謝 。 請 加滿 。 一 。,好 的 ， 先生 。零 。
需要 清潔 一下 擋風 玻璃 嗎 ？ 四 。,好 的 ， 謝謝 。一 。
可否 幫 我 檢查 一下 水箱 ， 機油 和 輪胎 ？ 四 。,沒 問題 。 三 。
沒 問題 。 三 。,這兒 有 洗手間 嗎 ？ 四 。
這兒 有 洗手間 嗎 ？ 四 。,有的 ， 先生 。 在 那邊 。 零 。
您 的 車 好 了 。 加 了 點 水 ， 機油 和 輪胎 沒 問題 。 零 。,好 。 一共 多少 錢 ？ 四 。
好 。 一共 多少 錢 ？ 四 。,九加侖 特級 汽油 。 一共 是 十五 元 三 角 兩 分 美元 。 零 。
女士 ， 您好 。 我 能 爲 您 效勞 嗎 ？ 四 。,我 這個 東西 可以 退 錢 嗎 ？ 四 。
我 這個 東西 可以 退 錢 嗎 ？ 四 。,有 什麼 不 對 嗎 ？ 四 。
有 什麼 不 對 嗎 ？ 四 。,有 啊 ， 這個 部分 有 瑕疵 。 我 買 的 時候 沒有 注意 到 。 零 。
有 啊 ， 這個 部分 有 瑕疵 。 我 買 的 時候 沒有 注意 到 。 零 。,哦 ， 真 抱歉 。 我 可以 看看 您 的 發票 嗎 ？ 四 。
哦 ， 真 抱歉 。 我 可以 看看 您 的 發票 嗎 ？ 四 。,可以 ， 在 這兒 。 三 。
很 抱歉 ， 女士 。 您 的 退款 期限 十 天 前 就 過 了 。七 。,差十 天 有 什麼 關係 ？ 四 。
差十 天 有 什麼 關係 ？ 四 。,雖然 您 不 能 退 錢 ， 但 我 可以 讓 您 換 另 一 件 或 任何 其他 東西 。 零 。
雖然 您 不 能 退 錢 ， 但 我 可以 讓 您 換 另 一 件 或 任何 其他 東西 。 零 。,你 有 和 這 件 完全 一模一樣 顏色 、 樣式 、 尺寸 的 嗎 ？ 四 。
你 有 和 這 件 完全 一模一樣 顏色 、 樣式 、 尺寸 的 嗎 ？ 四 。,我 看看 …嗯 。 這件 的 式樣 和 尺寸 是 一模一樣 ， 但是 顏色 不 一樣 。 零 。
我 看看 …嗯 。 這件 的 式樣 和 尺寸 是 一模一樣 ， 但是 顏色 不 一樣 。 零 。,哦 ， 看來 我 別無選擇 了 。 你 可以 幫 我 訂 一 件 相同 顏色 的 嗎 ？ 四 。
哦 ， 看來 我 別無選擇 了 。 你 可以 幫 我 訂 一 件 相同 顏色 的 嗎 ？ 四 。,我 當然 可以 試試 。 請 稍 等 。 三 。
我 要 寄 這 封 信 到 紐約 。零 。,航空信 還是 平信 ？ 四 。
航空信 還是 平信 ？ 四 。,平信 。 零 。
你 知道 到 紐約 的 航空信費率 是 多少 嗎 ？ 四 。,第一 盎司 三 角 兩 分 ， 之後 每 加 一 盎司 是 兩 角 六 分 。 零 。
寄 航空 信 到 那裏 要 多久 ？ 四 。,通常 要 花 三 或 四 天 的 時間 。 零 。
通常 要 花 三 或 四 天 的 時間 。 零 。,好 的 。 我 要 寄 航空信 ， 而且 還要 掛號 。 三 。
妳 也 要 保險 嗎 ？ 四 。,不 用 ， 裏面 只 有 一 張 支票 和 一 張 照片 。 這 封 信 的 郵費 是 多少 ？ 四 。
不 用 ， 裏面 只 有 一 張 支票 和 一 張 照片 。 這 封 信 的 郵費 是 多少 ？ 四 。,一 元 八角三分美金 。零 。
一 元 八角三分美金 。零 。,好 的 。 給 你 三 。
好 的 。 給 你 三 。,這 是 妳 的 收據 。零 。
女士 ， 午安 。零 。,午安 。 我 約 好 四點鐘 燙髮 。 零 。
午安 。 我 約 好 四點鐘 燙髮 。 零 。,哦 ， 好 的 ， 請 坐 。 零 。
哦 ， 好 的 ， 請 坐 。 零 。,謝謝 。一 。
妳 想 燙 哪 一 種 髮型 ？ 四 。,你 有 哪 幾 種 ？ 四 。
你 有 哪 幾 種 ？ 四 。,哦 ， 我們 有 很多 種 ： 一般 燙髮 、 冷燙 、 平板燙 及 泡沫 燙 。 零 。
哦 ， 我們 有 很多 種 ： 一般 燙髮 、 冷燙 、 平板燙 及 泡沫 燙 。 零 。,今天 我 想 試 一下 泡沫 燙 。 零 。
今天 我 想 試 一下 泡沫 燙 。 零 。,好 的 。 請 坐 到 這邊 來 。 三 。
你 能 把 卷度 弄 得 比 平常 大 一些 嗎 ？ 四 。,沒 問題 ， 女士 。 三 。
請問 先生 晚餐 想 吃 點 什麼 ？ 九 。,我們 預訂 了 低脂餐 。 請問 能 挑選 主菜 嗎 ？ 四 。
我們 預訂 了 低脂餐 。 請問 能 挑選 主菜 嗎 ？ 四 。,可以 ， 今天 提供 烤蝦 肉 飯 和 燒雞 肉面 。 三 。
可以 ， 今天 提供 烤蝦 肉 飯 和 燒雞 肉面 。 三 。,我 要 雞肉 。 四 。
我 要 雞肉 。 四 。,好 的 三 。
附餐 是 什麼 ？ 四 。,配菜 、 沙拉 、 麪包卷 ， 甜點 是 優格 。 晚餐 後 要 來 杯 酒 嗎 ？ 九 。
配菜 、 沙拉 、 麪包卷 ， 甜點 是 優格 。 晚餐 後 要 來 杯 酒 嗎 ？ 九 。,當然 ， 我們 要 慶祝 一下 。 這 是 我們 的 二 度 蜜月 ， 要 好好 享受 一下 。 三 。
當然 ， 我們 要 慶祝 一下 。 這 是 我們 的 二 度 蜜月 ， 要 好好 享受 一下 。 三 。,恭喜 。 零 。
白酒 或 紅酒 ？ 九 。,給 我們 兩 杯 白酒 。 零 。
給 我們 兩 杯 白酒 。 零 。,好 的 ， 先生 。 三 。
嘿 ， 請問 要點 些 什麼 ？ 九 。,我 要 一個 雙層 起 司堡 、 薯條 和 奶昔 。 零 。
我 要 一個 雙層 起 司堡 、 薯條 和 奶昔 。 零 。,奶昔 要 什麼 口味 ？ 九 。
奶昔 要 什麼 口味 ？ 九 。,草莓 。零 。
草莓 。零 。,總共 是 六 塊 九毛八 。 零 。
總共 是 六 塊 九毛八 。 零 。,給 你 十 元 。 零 。
給 你 十 元 。 零 。,內用 或 外帶 ？ 四 。
內用 或 外帶 ？ 四 。,內 用 。 零 。
內 用 。 零 。,找 你 三 塊 兩 毛 。 謝謝 你 。 用餐 愉快 ！ 一 。
強森 先生 ， 晚安 。 您 要 先 來 點 飲料 嗎 ？ 九 。,好 的 ， 請 先 拿 菜單 給 我 看 一下 。 零 。
好 的 ， 請 先 拿 菜單 給 我 看 一下 。 零 。,菜單 來 了 ， 請 慢慢 參考 才 決定 。 九 。
我 先 來 杯 臺灣 啤酒 吧零 。,要 生 啤酒 還是 瓶裝 的 呢 ？ 四 。
要 生 啤酒 還是 瓶裝 的 呢 ？ 四 。,生 啤酒 ， 謝謝 。一 。
生 啤酒 ， 謝謝 。一 。,不 客氣 。 零 。
您 點 的 啤酒 來 了 。等會兒 您 要點 菜時 我 就 過來 。 零 。,好 的 謝謝 。一 。
這裏 是 雲端 咖啡館 ， 我 能 爲 您 效勞 嗎 ？ 四 。,我 想 預約 今晚 晚餐 餐位 。零 。
我 想 預約 今晚 晚餐 餐位 。零 。,您 們 有 幾 位 ？ 八 。
您 們 有 幾 位 ？ 八 。,兩 位 。 零 。
兩 位 。 零 。,吸菸 或 非 吸菸區 ？ 四 。
吸菸 或 非 吸菸區 ？ 四 。,非 吸菸區 。 零 。
非 吸菸區 。 零 。,請問 大名 是 ？ 四 。
我 是 小明 ， 我 住 2266 房 。 零 。,好 的 ， 小明 先生 。 您 的 大名 已 記 在 我們 的 預約 單 上 了 。 晚餐 八點 開始 服務 。 我們 營業 到 晚上 十 點 。 三 。
好 的 ， 小明 先生 。 您 的 大名 已 記 在 我們 的 預約 單 上 了 。 晚餐 八點 開始 服務 。 我們 營業 到 晚上 十 點 。 三 。,好 的 ， 謝謝 。四 。
好 的 ， 謝謝 。四 。,感謝 您 的 來電 。 四 。
我 可以 幫 你 點 餐 嗎 ？ 九 。,今天 的 特餐 是 甚 麼 ？ 四 。
今天 的 特餐 是 甚 麼 ？ 四 。,今天 的 特餐 是 炸魚 。 九 。
今天 的 特餐 是 炸魚 。 九 。,那 我 要 一個 特餐 。零 。
你 想 現在 點餐 嗎 ？ 九 。,我 可以 要 多 幾 分鐘 嗎 ？ 四 。
我 可以 要 多 幾 分鐘 嗎 ？ 四 。,當然 。 我 等 下 再 回來 。 三 。
我 可以 幫 你 點 餐 嗎 ？ 九 。,你 有 甚 麼 建議 嗎 ？ 零 。
你 有 甚 麼 建議 嗎 ？ 零 。,我們 的 黑 咖啡 很 不錯 的 。九 。
我們 的 黑 咖啡 很 不錯 的 。九 。,Ok ， 那 我 要 黑 咖啡 吧 。 零 。
Ok ， 那 我 要 黑 咖啡 吧 。 零 。,好 的 ， 你 的 黑 咖啡 要 加 糖 嗎 ？ 四 。
好 的 ， 你 的 黑 咖啡 要 加 糖 嗎 ？ 四 。,不用 ， 謝謝 。一 。
我 可以 幫 你 點 餐 嗎 ？ 九 。,你們 有 素食 的 選擇 嗎 ？ 四 。
你們 有 素食 的 選擇 嗎 ？ 四 。,當然 ， 我 拿 一個 素食 菜單 給 你 。 零 。
當然 ， 我 拿 一個 素食 菜單 給 你 。 零 。,謝謝 。一 。
謝謝 。一 。,這 是 我們 的 素食 菜單 ， 我 給 你 一點 時間 。 零 。
這 是 我們 的 素食 菜單 ， 我 給 你 一點 時間 。 零 。,謝謝 。一 。
請問 您 已經 用 完 了 還是 還 在 吃 呢 ？ 四 。,我 已經 用餐 完畢 了 。零 。
我 可以 將 剩下 的 晚餐 帶走 嗎 ？ 四 。,當然 ！ 我 馬上 回來 ！ 三 。
有 沒 有 興趣 來 些 甜點 呢 ？ 九 。,您 能 不 能 給 我們 你們 的 甜點 單 呢 ？ 四 。
您 能 不 能 給 我們 你們 的 甜點 單 呢 ？ 四 。,當然 ！ 我 馬上 回來 ！ 九 。
我 想 點 白 巧克力 慕斯 蛋糕 。 零 。,沒 問題 ！ 三 。
服務 領班 ， 我 要 辦 退 房 了 。請幫 我 搬 行李 。零 。,好 。 請問 您 房間 幾 號 ？ 四 。
好 的 ﹐ 2266 號 房 。 馬上 派 人 上去 。 三 。,請 十一點半 過來 。 零 。
請 十一點半 過來 。 零 。,行李員會 準時 過去 。 零 。
你好 ， 我 想 要點 餐 。 零 。,歡迎 光臨 ， 請問 今天 想 要 什麼 呢 ？ 九 。
歡迎 光臨 ， 請問 今天 想 要 什麼 呢 ？ 九 。,我 想 要 一 杯 義式 咖啡 。 零 。
我 想 要 一 杯 義式 咖啡 。 零 。,好 的 ， 請問 要 冰 的 還 是 熱 的 呢 ？ 九 。
好 的 ， 請問 要 冰 的 還 是 熱 的 呢 ？ 九 。,冰 的 。 零 。
冰 的 。 零 。,知道 了 ， 一 杯 義式 咖啡 少 冰 。 九 。
還有 需要 其他 的 東西 嗎 ？ 九 。,那 再 來 一 份 貝果 好 了 。零 。
那 再 來 一 份 貝果 好 了 。零 。,請問 要 什麼 口味 呢 ？ 九 。
請問 要 什麼 口味 呢 ？ 九 。,草莓 口味 。零 。
草莓 口味 。零 。,好 的 ， 總共 是 一 杯 義式 咖啡 少 冰 和 草莓 貝果 對 嗎 ？ 九 。
好 的 ， 總共 是 一 杯 義式 咖啡 少 冰 和 草莓 貝果 對 嗎 ？ 九 。,對 的 。零 。
先生 ， 歡迎 你 。 有 什麼 我 可以 幫 你 嗎 ？ 四 。,是的 ， 我 想 去 美國 度假 。 九 。
是的 ， 我 想 去 美國 度假 。 九 。,沒 問題 。 事實上 ， 我們 有 一些 很 棒 的 套餐 。零 。
你好 ， 我 想 要點 餐 。 零 。,歡迎 你 。 有 什麼 我 可以 幫 你 嗎 ？ 九 。
歡迎 你 。 有 什麼 我 可以 幫 你 嗎 ？ 九 。,我 想 要 一 杯 卡布奇諾 。 零 。
我 想 要 一 杯 卡布奇諾 。 零 。,好 的 ， 請問 要 冰 的 還 是 熱 的 呢 ？ 九 。
好 的 ， 請問 要 冰 的 還 是 熱 的 呢 ？ 九 。,冰 的 。 零 。
冰 的 。 零 。,知道 了 ， 一 杯 卡布其諾 少 冰 。 九 。
你好 ， 我 要 報到 。 零 。,好 的 。 請問 是 住 哪 一 間 房 呢 ？ 九 。
202 號 房 。 零 。,好 的 。 我 知道 了 ， 這 是 你 的 房卡 。 零 。
好 的 。 我 知道 了 ， 這 是 你 的 房卡 。 零 。,謝謝 你 。 零 。
打擾 了 ， 我 想 嚐嚐 中國 菜 。 零 。,我們 這裏 有 很 好 的 中國 菜 。 您 喜歡 什麼 風味 ？ 九 。
我們 這裏 有 很 好 的 中國 菜 。 您 喜歡 什麼 風味 ？ 九 。,我 對 中國 菜 一無所知 。 您 能 給 我 一些 建議 嗎 ？ 四 。
我 對 中國 菜 一無所知 。 您 能 給 我 一些 建議 嗎 ？ 四 。,中國 菜 分成 八 大 菜系 ， 如 粵菜 、 魯菜 和 川菜 等等 。 零 。
中國 菜 分成 八 大 菜系 ， 如 粵菜 、 魯菜 和 川菜 等等 。 零 。,有 什麼 不同 嗎 ？ 四 。
有 什麼 不同 嗎 ？ 四 。,粵菜 清淡 適中 ， 而 魯菜 則 味 重 香 濃 。 零 。
粵菜 清淡 適中 ， 而 魯菜 則 味 重 香 濃 。 零 。,川菜 怎麼樣 ？ 四 。
川菜 怎麼樣 ？ 四 。,川菜 大都 麻辣 濃香 。 零 。
川菜 大都 麻辣 濃香 。 零 。,噢 ， 其實 我 喜歡 吃 辣 一點 的 。 所以 您 推薦 我 吃 什麼 ？ 四 。
噢 ， 其實 我 喜歡 吃 辣 一點 的 。 所以 您 推薦 我 吃 什麼 ？ 四 。,我 覺得 麻婆 豆腐 和 魚香 肉絲 味道 不錯 。 我們 有 四川 菜餐廳 。 可以 建議 您 去 那裏 嗎 ？ 它 在 三 樓 。 零 。
我 覺得 麻婆 豆腐 和 魚香 肉絲 味道 不錯 。 我們 有 四川 菜餐廳 。 可以 建議 您 去 那裏 嗎 ？ 它 在 三 樓 。 零 。,謝謝 您 。二 。
謝謝 您 。二 。,很 高興 爲 您 服務 。一 。
能 爲 您 提供 什麼 服務 ？ 四 。,嗯 ， 我 想 爲 晚餐 預訂 一 張 桌子 。 零 。
嗯 ， 我 想 爲 晚餐 預訂 一 張 桌子 。 零 。,您 預計 你們 一共 多少 人 ？ 八 。
您 預計 你們 一共 多少 人 ？ 八 。,12 人 。 零 。
12 人 。 零 。,您 想 訂 個 包間 嗎 ？ 八 。
您 想 訂 個 包間 嗎 ？ 八 。,聽 起來 是 個 好 主意 。 零 。
聽 起來 是 個 好 主意 。 零 。,好 的 。 先生 ， 請問 您 的 姓名 ？ 八 。
好 的 。 先生 ， 請問 您 的 姓名 ？ 八 。,我 的 名字 是 王大明 。零 。
我 的 名字 是 王大明 。零 。,你們 會 幾 點 到 ？ 八 。
好 的 先生 ， 我們 已經 爲 您 在 晚上 7 ： 30 預留 了 一個 包 間 。零 。,非常 感謝 。 零 。
晚上 好 ， 您 訂 座位 了 嗎 ？ 八 。,沒有 。 零 。
沒有 。 零 。,你們 一共 多少 人 ？ 八 。
你們 一共 多少 人 ？ 八 。,就 兩 位 。 零 。
就 兩 位 。 零 。,你們 要 吸菸區 還是 非 吸菸區 ， 或是 有 空位 就 行 ？ 八 。
你們 要 吸菸區 還是 非 吸菸區 ， 或是 有 空位 就 行 ？ 八 。,我們 要 非 吸菸區 。 零 。
我們 要 非 吸菸區 。 零 。,十分 抱歉 ， 現在 非 吸菸 區 還 暫時 沒有 座位 。 您 能 稍 等 一會兒 嗎 ？ 四 。
十分 抱歉 ， 現在 非 吸菸 區 還 暫時 沒有 座位 。 您 能 稍 等 一會兒 嗎 ？ 四 。,我們 要 等 多 長 時間 ？ 四 。
我們 要 等 多 長 時間 ？ 四 。,我 想 大約 十 分鐘 。 零 。
我 想 大約 十 分鐘 。 零 。,好 吧 ， 那 我們 就 等 一會兒 。 零 。
這 是 什麼 呀 ？ 我 點 的 不 是 這個 菜 。 五 。,實在 是 太 抱歉 了 ， 您 再 講 一下 您 點 的 是 什麼 好 嗎 ？ 我 馬上 去 換 您 的 菜 。 六 。
實在 是 太 抱歉 了 ， 您 再 講 一下 您 點 的 是 什麼 好 嗎 ？ 我 馬上 去 換 您 的 菜 。 六 。,我 叫 的 是 美味 豬肉 和 涼拌 捲心菜 。 五 。
我 叫 的 是 美味 豬肉 和 涼拌 捲心菜 。 五 。,對不起 ， 是 我 的 錯 。 我 馬上 把 您 的 菜端 上來 。 六 。
對不起 ， 是 我 的 錯 。 我 馬上 把 您 的 菜端 上來 。 六 。,喂 ， 這 是 什麼 ？ 五 。
喂 ， 這 是 什麼 ？ 五 。,對不起 ， 小姐 。 這 不 是 您 叫 的 雞湯 嗎 ？ 四 。
對不起 ， 小姐 。 這 不 是 您 叫 的 雞湯 嗎 ？ 四 。,噢 ， 就是 這個 ？ 五 。
噢 ， 就是 這個 ？ 五 。,我 想 是 的 。 不過 如果 您 覺得 喝 得 不 舒服 的 話 ， 我 可以 給 您 換 一個 。六 。
我 想 是 的 。 不過 如果 您 覺得 喝 得 不 舒服 的 話 ， 我 可以 給 您 換 一個 。六 。,不用 換 了 ， 給 我 退 錢 吧 。 五 。
不用 換 了 ， 給 我 退 錢 吧 。 五 。,抱歉 ， 這 恐怕 不行 。 但 您 可以 叫 個 其他 的 菜 來 代替 。 零 。
抱歉 ， 這 恐怕 不行 。 但 您 可以 叫 個 其他 的 菜 來 代替 。 零 。,噢 ， 真 的 嗎 ？ 給 我 來 個 蛤蜊湯 。 五 。
噢 ， 真 的 嗎 ？ 給 我 來 個 蛤蜊湯 。 五 。,好 的 ， 小姐 。零 。
好 的 ， 小姐 。零 。,謝謝 。零 。
謝謝 。零 。,希望 您 吃 的 開心 。 零 。
嘿 ！ 食物 很 美味 。 我 一 口 也 吃 不 下去 了 。 你 確定 你 不要 再 來 一 道 菜 ？ 四 。,不 ， 我 飽 了 。 我 的 肚子 已經 不 咕咕 叫 了 。零 。
不 ， 我 飽 了 。 我 的 肚子 已經 不 咕咕 叫 了 。零 。,我 明白 你 的 意思 。 我 飽到 快要 爆炸 了 。 那麼 我們 走 了 嗎 ？ 四 。
我 明白 你 的 意思 。 我 飽到 快要 爆炸 了 。 那麼 我們 走 了 嗎 ？ 四 。,我 吃 飽 了 。 謝謝 你 的 晚餐 。 零 。
我 吃 飽 了 。 謝謝 你 的 晚餐 。 零 。,不 客氣 。 零 。
你好 ， 我 想 吃 點 東西 。 零 。,歡迎 ， 想 吃 什麼 呢 ？ 九 。
歡迎 ， 想 吃 什麼 呢 ？ 九 。,你們 這 有 什麼 推薦 的 ？ 四 。
你們 這 有 什麼 推薦 的 ？ 四 。,我們 這 有 貝果 ， 蛋糕 ， 茶點 。 九 。
我們 這 有 貝果 ， 蛋糕 ， 茶點 。 九 。,那 來 一 份 草莓 貝果 。 零 。
那 來 一 份 草莓 貝果 。 零 。,總共 是 一 份 草莓 貝果 對 嗎 ？ 九 。
總共 是 一 份 草莓 貝果 對 嗎 ？ 九 。,對 的 。零 。
對 的 。零 。,還有 需要 其他 的 東西 嗎 ？ 九 。
還有 需要 其他 的 東西 嗎 ？ 九 。,不用 ， 謝謝 。零 。
不用 ， 謝謝 。零 。,好 的 。請稍 等 。 零 。
服務員 ， 能 過來 一下 嗎 ？ 四 。,好 的 ， 有 什麼 問題 嗎 ？ 四 。
好 的 ， 有 什麼 問題 嗎 ？ 四 。,恐怕 你 搞 錯 了 ， 這 不 是 我 點 的 菜 。 五 。
恐怕 你 搞 錯 了 ， 這 不 是 我 點 的 菜 。 五 。,非常 抱歉 ， 一定 是 我 搞 混點 菜單 了 ， 我 去 查 一下 。六 。
非常 抱歉 ， 一定 是 我 搞 混點 菜單 了 ， 我 去 查 一下 。六 。,還有 ， 這 碗 湯 也 是 涼 的 。 五 。
還有 ， 這 碗 湯 也 是 涼 的 。 五 。,實在 對不起 ， 我 馬上 給 您 換 一 碗 熱 湯 來 。 六 。
嗨 ， 今晚 我 將 爲 您 服務 。 您 現在 準備 點菜 還是 稍待 一會 呢 ？ 四 。,我 現在 點菜 ， 我 要 美式 咖啡 和 黑森林 蛋糕 。 九 。
我 現在 點菜 ， 我 要 美式 咖啡 和 黑森林 蛋糕 。 九 。,好 的 ， 我 很 快 會 把 您 的 餐點 送 來 。 三 。
好 的 ， 我 很 快 會 把 您 的 餐點 送 來 。 三 。,謝謝 。零 。
你好 ， 需要 點 什麼 東西 ？ 九 。,我 要 兩 杯 黑 咖啡 。 零 。
我 要 兩 杯 黑 咖啡 。 零 。,好 的 ， 一 杯 黑 咖啡 對 嗎 ？ 九 。
好 的 ， 一 杯 黑 咖啡 對 嗎 ？ 九 。,不對 ， 是 兩 杯 黑 咖啡 。 零 。
不對 ， 是 兩 杯 黑 咖啡 。 零 。,不好意思 ， 是 兩 杯 黑 咖啡 對 嗎 ？ 九 。
不好意思 ， 是 兩 杯 黑 咖啡 對 嗎 ？ 九 。,是的 。 零 。
是的 。 零 。,好 的 ， 會 儘快 幫 您 送 到 。 九 。
你好 ， 我 想 要點 餐 。 零 。,好 的 ， 需要 些 什麼 ？ 九 。
好 的 ， 需要 些 什麼 ？ 九 。,一 杯 義式 咖啡 。 零 。
一 杯 義式 咖啡 。 零 。,請問 要 冰 的 還 是 熱 的 呢 ？ 九 。
請問 要 冰 的 還 是 熱 的 呢 ？ 九 。,冰 的 。 零 。
冰 的 。 零 。,那 請問 要 正常 冰 ， 少 冰 ， 還是 去 冰 呢 ？ 九 。
那 請問 要 正常 冰 ， 少 冰 ， 還是 去 冰 呢 ？ 九 。,少 冰 。 零 。
少 冰 。 零 。,好 的 ， 義式 咖啡 少 冰 對 嗎 ？ 九 。
好 的 ， 義式 咖啡 少 冰 對 嗎 ？ 九 。,是的 。 零 。
是的 。 零 。,好 的 ， 將 儘快 爲 你 送 到 。 二 。
你好 ， 需要 點 什麼 東西 ？ 九 。,一 杯 美式 咖啡 。 零 。
一 杯 美式 咖啡 。 零 。,請問 要 冰 的 還 是 熱 的 呢 ？ 九 。
請問 要 冰 的 還 是 熱 的 呢 ？ 九 。,熱 的 。零 。
熱 的 。零 。,好 的 ， 一 杯 熱 的 美式 咖啡 對 嗎 ？ 九 。
好 的 ， 一 杯 熱 的 美式 咖啡 對 嗎 ？ 九 。,是的 。 零 。
是的 。 零 。,好 的 ， 將 儘快 爲 你 送 到 。 零 。
這 是 最新 的 產品 ， 很 受 年輕人 的 歡迎 。零 。,是的 ， 我 知道 ， 我 非常 喜歡 它 ， 我 買 下 了 。零 。
是的 ， 我 知道 ， 我 非常 喜歡 它 ， 我 買 下 了 。零 。,好 的 ， 給 您 發票 。 二 。
好 的 ， 給 您 發票 。 二 。,這個 手機 的 保修期 是 多 長 時間 ？ 四 。
這個 手機 的 保修期 是 多 長 時間 ？ 四 。,七 天 內 保退 ， 一 年 內 保 換 。 零 。
你好 ， 想 要 些 什麼 ？ 九 。,來 一 份 日式 茶點 。 零 。
來 一 份 日式 茶點 。 零 。,好 的 ， 請 稍 等 。 零 。
不好意思 ， 我 想 要 買單 。 九 。,好 的 ， 請 你 到 櫃檯 結賬 哦 。 零 。
你好 ， 我 想 吃 點 東西 。 零 。,好 的 ， 請問 要 什麼 呢 ？ 九 。
好 的 ， 請問 要 什麼 呢 ？ 九 。,你們 這 有 什麼 推薦 的 ？ 四 。
你們 這 有 什麼 推薦 的 ？ 四 。,咖啡 跟 蛋糕 都 很 好吃 哦 。 九 。
咖啡 跟 蛋糕 都 很 好吃 哦 。 九 。,好 的 ， 那 來 一 份 黑 咖啡 和 起司 蛋糕 。 零 。
好 的 ， 那 來 一 份 黑 咖啡 和 起司 蛋糕 。 零 。,好 的 。 一 杯 黑 咖啡 和 起司 蛋糕 對 嗎 ？ 九 。
好 的 。 一 杯 黑 咖啡 和 起司 蛋糕 對 嗎 ？ 九 。,沒 錯 。 零 。
沒 錯 。 零 。,好 的 。請稍 等 。 餐點 會 儘快 爲 你 送 到 。 零 。
不好意思 ， 我 想 要 結賬 。 九 。,好 的 ， 請 你 到 櫃檯 結賬 哦 。 零 。
你好 ， 請問 有 空位 嗎 ？ 八 。,你們 一共 多少 人 ？ 八 。
你們 一共 多少 人 ？ 八 。,二 位 。零 。
二 位 。零 。,有的 ， 讓 我 來 爲 您 帶 位 。 零 。
不好意思 ， 可以 幫 我 清理 一下 桌面 嗎 ？ 四 。,好 的 。待會兒 會 有 服務員 爲 你 服務 。零 。
好 的 。待會兒 會 有 服務員 爲 你 服務 。零 。,謝謝 。零 。
你好 ， 請問 有 位置 嗎 ？ 四 。,請問 你們 一共 幾 位 ？ 八 。
請問 你們 一共 幾 位 ？ 八 。,四 位 。 零 。
四 位 。 零 。,不好意思 ， 要 等 一下 哦 ， 服務員 已經 在 爲 您 整理 桌面 了 。零 。
不好意思 ， 要 等 一下 哦 ， 服務員 已經 在 爲 您 整理 桌面 了 。零 。,好 的 ， 謝謝 。零 。
請問 有 什麼 可以 爲 您 服務 的 嗎 ？ 九 。,我 要 一 份 大麥克。零 。
我 要 一 份 大麥克。零 。,不好意思 ， 我們 這裏 沒有 賣 這 東西 。 零 。
不好意思 ， 我們 這裏 沒有 賣 這 東西 。 零 。,那 你 推薦 什麼 ？ 零 。
那 你 推薦 什麼 ？ 零 。,我們 的 黑 咖啡 很 不錯 的 。起司 蛋糕 也 很 美味 。 九 。
我們 的 黑 咖啡 很 不錯 的 。起司 蛋糕 也 很 美味 。 九 。,那 來 一 份 起司 蛋糕 。 零 。
那 來 一 份 起司 蛋糕 。 零 。,好 的 ， 一 份 起司 蛋糕 對 嗎 。 九 。
好 的 ， 一 份 起司 蛋糕 對 嗎 。 九 。,對 ！ 零 。
對 ！ 零 。,好 的 。請稍 等 。 餐點 會 儘快 爲 你 送 到 。 零 。
您 要 什麼 飲料 嗎 ？ 九 。,好 啊 ， 我 要 一 杯 冰茶 。 零 。
好 啊 ， 我 要 一 杯 冰茶 。 零 。,好 的 ， 我 很 快 會 把 您 的 飲料 和 沙拉 送 來 。零 。
好 的 ， 我 很 快 會 把 您 的 飲料 和 沙拉 送 來 。零 。,謝謝 。零 。
你好 ， 有 什麼 可以 爲 您 服務 的 嗎 ？ 九 。,這邊 空調 溫度 太 高 了 ， 幫 我 調 低 幾度 好 嗎 ？ 零 。
這邊 空調 溫度 太 高 了 ， 幫 我 調 低 幾度 好 嗎 ？ 零 。,好 的 。零 。
你好 ， 我 覺得 有點 熱 ， 可以 把 冷氣 調 低 幾度 嗎 ？ 四 。,好 的 ， 請 稍 等 。 零 。
請問 先生 想 吃 點 什麼 ？ 九 。,來 點 你 最 推薦 的 。 零 。
來 點 你 最 推薦 的 。 零 。,我 推薦 黑森林 蛋糕 。 九 。
我 推薦 黑森林 蛋糕 。 九 。,好 ， 來 一 份 黑森林 蛋糕 。 零 。
好 ， 來 一 份 黑森林 蛋糕 。 零 。,請 稍 等 。 零 。
服務員 ， 能 過來 一下 嗎 ？ 四 。,好 的 ， 有 什麼 問題 嗎 ？ 四 。
好 的 ， 有 什麼 問題 嗎 ？ 四 。,恐怕 你 搞 錯 了 ， 這 不 是 我 點 的 菜 。 五 。
恐怕 你 搞 錯 了 ， 這 不 是 我 點 的 菜 。 五 。,非常 抱歉 ， 一定 是 我 搞 混點 菜單 了 ， 我 去 查 一下 。六 。
非常 抱歉 ， 一定 是 我 搞 混點 菜單 了 ， 我 去 查 一下 。六 。,還有 ， 這 碗 湯 也 是 涼 的 。 五 。
還有 ， 這 碗 湯 也 是 涼 的 。 五 。,實在 對不起 ， 我 馬上 給 您 換 一 碗 熱 湯 來 。 六 。
你好 ， 有 什麼 可以 爲 您 服務 的 嗎 ？ 四 。 。,我 要 結賬 。 九 。
我 要 結賬 。 九 。,好 的 ， 請 你 到 櫃檯 結賬 哦 。 零 。
你好 ， 需要 什麼 東西 ？ 九 。,我 要 一 杯 卡布奇諾 ， 不要 糖 。 零 。
我 要 一 杯 卡布奇諾 ， 不要 糖 。 零 。,好 的 ， 一 杯 卡布奇諾 不 要 糖 對 嗎 ？ 九 。
好 的 ， 一 杯 卡布奇諾 不 要 糖 對 嗎 ？ 九 。,對 的 。零 。
對 的 。零 。,好 的 馬上 來 。 零 。
你好 。 零 。,你好 。 零 。
早上 好 。 零 。,祝 你 有 個 美好 的 一 天 。 零 。
晚上 好 。 零 。,祝 你 有 個 美好 的 夜晚 。 零 。
你好 啊 。 零 。,你好 。 零 。
我 有 訂位 。八 。,請問 尊 姓 大名 ？ 八 。
請問 尊 姓 大名 ？ 八 。,我 姓 林 。 零 。
我 姓 林 。 零 。,好 的 ， 將 爲 你 帶 位 。 零 。
你好 ， 想 要 些 什麼 ？ 九 。,來 點 你 最 推薦 的 。 零 。
來 點 你 最 推薦 的 。 零 。,我 推薦 卡布其諾 。 九 。
我 推薦 卡布其諾 。 九 。,好 ， 來 一 杯 卡布奇諾 。 零 。
好 ， 來 一 杯 卡布奇諾 。 零 。,請問 要 冰 的 還 是 熱 的 呢 ？ 九 。
請問 要 冰 的 還 是 熱 的 呢 ？ 九 。,熱 的 。零 。
熱 的 。零 。,好 的 ， 一 杯 熱 的 卡布奇諾 對 嗎 ？ 九 。
好 的 ， 一 杯 熱 的 卡布奇諾 對 嗎 ？ 九 。,對 。 零 。
對 。 零 。,好 的 ， 請 稍 等 。 零 。
你們 這裏 有 什麼 好吃 的 ？ 四 。,我 推薦 起司 蛋糕 。 九 。
我 推薦 起司 蛋糕 。 九 。,好 。 有 需要 飲料 嗎 ？ 九 。
好 。 有 需要 飲料 嗎 ？ 九 。,你 推薦 什麼 ？ 四 。
你 推薦 什麼 ？ 四 。,本店 的 黑 咖啡 很 好 喝 。 九 。
本店 的 黑 咖啡 很 好 喝 。 九 。,那 就 一 杯 黑 咖啡 。 零 。
那 就 一 杯 黑 咖啡 。 零 。,好 的 。請稍 等 。 餐點 會 儘快 爲 你 送 到 。 零 。
你好 ， 我 想 要點 餐 。 零 。,請問 今天 想 要 什麼 呢 ？ 九 。
請問 今天 想 要 什麼 呢 ？ 九 。,一 杯 美式 咖啡 。 零 。
一 杯 美式 咖啡 。 零 。,請問 要 外帶 還是 內 用 呢 ？ 九 。
請問 要 外帶 還是 內 用 呢 ？ 九 。,外帶 。 零 。
外帶 。 零 。,好 的 。 一 杯 美式 咖啡 對 嗎 ？ 九 。
好 的 。 一 杯 美式 咖啡 對 嗎 ？ 九 。,對 。 零 。
對 。 零 。,好 的 。 請 在 旁邊 稍 等 一下 。 九 。
你好 ， 想 要 些 什麼 ？ 九 。,一 份 起司 蛋糕 外帶 。 零 。
一 份 起司 蛋糕 外帶 。 零 。,好 的 ， 一 份 起司 蛋糕 外 帶 對 嗎 。 九 。
好 的 ， 一 份 起司 蛋糕 外 帶 對 嗎 。 九 。,對 的 。零 。
對 的 。零 。,好 的 。 請 在 旁邊 稍 等 一下 。 九 。
請問 有 預約 嗎 ？ 四 。,沒有 。 零 。
沒有 。 零 。,那 可能 需要 等 兩 個 小時 哦 。 零 。
那 可能 需要 等 兩 個 小時 哦 。 零 。,那 算 了 。零 。
那 算 了 。零 。,好 的 。零 。
你好 ， 想 要 些 什麼 ？ 九 。,來 一 份 黑森林 蛋糕 。 零 。
來 一 份 黑森林 蛋糕 。 零 。,不好意思 ， 黑森林 蛋糕 賣 完 了 。零 。
不好意思 ， 黑森林 蛋糕 賣 完 了 。零 。,那 有 什麼 其他 的 選擇 嗎 ？ 九 。
那 有 什麼 其他 的 選擇 嗎 ？ 九 。,我們 的 草莓 蛋糕 很 好吃 的 。 九 。
我們 的 草莓 蛋糕 很 好吃 的 。 九 。,那 來 一 份 草莓 蛋糕 。 零 。
那 來 一 份 草莓 蛋糕 。 零 。,好 的 。餐點 將 儘快 爲 你 送 到 。 零 。
德維 ， 你 有 沒 有 想 過 週五 去 哪兒 吃 晚飯 ？ 零 。,我 不 確定 。 我 不 知道 這 附近 有 很多 餐館 。 零 。
我 不 確定 。 我 不 知道 這 附近 有 很多 餐館 。 零 。,您 知道 ， 我們 可以 在線 查看 本地 互聯網 站點 。 零 。
您 知道 ， 我們 可以 在線 查看 本地 互聯網 站點 。 零 。,好 的 。 讓 我們 來 看看 ！ 三 。
好 的 。 讓 我們 來 看看 ！ 三 。,你 的 生日 會 有 什麼樣 的 食物 ？ 四 。
你 的 生日 會 有 什麼樣 的 食物 ？ 四 。,我 最 喜歡 泰國 菜 或 日本 菜 。 零 。
我 最 喜歡 泰國 菜 或 日本 菜 。 零 。,這 一個 ， 幕府 將軍 ， 看 起來 不錯 。 零 。
這 一個 ， 幕府 將軍 ， 看 起來 不錯 。 零 。,哦 ， 是的 ， 我 聽說 過 那 一個 。 我 與 之 交談 過 的 每個 人 都 說 很 棒 ！ 零 。
哦 ， 是的 ， 我 聽說 過 那 一個 。 我 與 之 交談 過 的 每個 人 都 說 很 棒 ！ 零 。,你 想 去 那兒 嗎 ？ 四 。
你 想 去 那兒 嗎 ？ 四 。,我 認爲 這 將 是 一個 非常 好 的 選擇 ！ 我們 打電話 預約 。 八 。
德維 ， 你 有 什麼 偏好 你 想 去 哪兒 吃 晚飯 嗎 ？ 四 。,我 真的 不 知道 自己 想 去 哪裏 。 我 在 想 某 家 餐館 時 遇到 了 麻煩 。 六 。
我 真的 不 知道 自己 想 去 哪裏 。 我 在 想 某 家 餐館 時 遇到 了 麻煩 。 六 。,報紙 週末 有 一個 很 棒 的 餐廳 目錄 。 零 。
報紙 週末 有 一個 很 棒 的 餐廳 目錄 。 零 。,好 的 ， 我們 可以 看 一下 。 二 。
好 的 ， 我們 可以 看 一下 。 二 。,你 有 特定 類型 的 食物 嗎 ？ 四 。
你 有 特定 類型 的 食物 嗎 ？ 四 。,我 真的 很 喜歡 日本 料理 或 泰國 料理 。 零 。
那 家 日本 餐廳 Shogun 得到 了 很 好 的 評價 。 零 。,哦 ， 是的 ！ 我 在 電視 上 看到 了 那 家 餐館 的 評論 。 評論家 喜歡 它 ！ 零 。
哦 ， 是的 ！ 我 在 電視 上 看到 了 那 家 餐館 的 評論 。 評論家 喜歡 它 ！ 零 。,這 可能 是 你 想 去 生日 的 地方 嗎 ？ 零 。
這 可能 是 你 想 去 生日 的 地方 嗎 ？ 零 。,那 會 很 棒 ！ 我們 爲什麼 不 打電話 預訂 呢 ？ 八 。
德維 ， 你 有 一個 最 喜歡 的 地方 ， 你 想 去 生日 晚餐 嗎 ？ 二 。,我 現在 有點 不知所措 ， 想到 一些 特別 的 地方 。 零 。
我 現在 有點 不知所措 ， 想到 一些 特別 的 地方 。 零 。,我 在 這裏 有 一 本 很 棒 的 當地 餐館 指南 。 零 。
我 在 這裏 有 一 本 很 棒 的 當地 餐館 指南 。 零 。,那 將 是 個 好看 的 地方 。 二 。
那 將 是 個 好看 的 地方 。 二 。,你 最 喜歡 的 餐館 食物 是 什麼 ？ 零 。
你 最 喜歡 的 餐館 食物 是 什麼 ？ 零 。,我 喜歡 很多 東西 ， 但 泰國 或 日本 人 會 很 好 。 零 。
我 喜歡 很多 東西 ， 但 泰國 或 日本 人 會 很 好 。 零 。,幕府 將軍 看 起來 很 不錯 ！ 零 。
幕府 將軍 看 起來 很 不錯 ！ 零 。,哦 ， 我 記得 那 家 餐館 。 我 幾 年 前 去 過 那裏 。 我 真的 很 喜歡 它 ！ 零 。
哦 ， 我 記得 那 家 餐館 。 我 幾 年 前 去 過 那裏 。 我 真的 很 喜歡 它 ！ 零 。,那 對 你 的 生日 晚餐 來說 是 個 不錯 的 選擇 嗎 ？ 四 。
那 對 你 的 生日 晚餐 來說 是 個 不錯 的 選擇 嗎 ？ 四 。,我 很 樂意 去 那裏 。 讓 我們 提前 打電話 確保 我們 可以 在 那 晚 獲得 一 張 桌子 。 八 。
幕府 餐廳 。 零 。,嗨 ， 我 想 預訂 晚餐 。 八 。
嗨 ， 我 想 預訂 晚餐 。 八 。,當然 ， 你 什麼 時候 加入 我們 ？ 八 。
當然 ， 你 什麼 時候 加入 我們 ？ 八 。,我們 需要 在 週二 晚上 預訂 。 零 。
我們 需要 在 週二 晚上 預訂 。 零 。,您 希望 什麼 時候 預訂 ？ 八 。
我們 寧願 7:00 或 7:30 。 零 。,您 需要 預訂 多少 人 ？ 八 。
您 需要 預訂 多少 人 ？ 八 。,我們 四 個 人 。 零 。
我們 四 個 人 。 零 。,好 的 ， 如果 你 願意 告訴 我 你 的 名字 ， 我 可以 在 星期二 早上 7點 爲 你 安排 。 零 。
好 的 ， 如果 你 願意 告訴 我 你 的 名字 ， 我 可以 在 星期二 早上 7點 爲 你 安排 。 零 。,謝謝 。 姓氏 是 福斯特 。 零 。
謝謝 。 姓氏 是 福斯特 。 零 。,福斯特 先生 ， 本 週二 7點見 。 二 。
福斯特 先生 ， 本 週二 7點見 。 二 。,非常 感謝 你 。 我 感謝 您 的 幫助 。 一 。
這 是 Shogun 餐廳 。 零 。,您好 ， 我 需要 預訂 晚餐 。 八 。
您好 ， 我 需要 預訂 晚餐 。 八 。,你 能 告訴 我 你 將來 的 晚上 嗎 ？ 八 。
你 能 告訴 我 你 將來 的 晚上 嗎 ？ 八 。,我們 將 在 週二 晚上 來 你 的 餐廳 。 零 。
我們 將 在 週二 晚上 來 你 的 餐廳 。 零 。,你 什麼 時候 和 我們 一起 用餐 ？ 八 。
我們 的 第一 選擇 是 7:00 ， 或者 7:30 。 八 。,你們 派對 中 有 多少 客人 ？ 八 。
你們 派對 中 有 多少 客人 ？ 八 。,我們 四 個 人 會 來 。 零 。
我們 四 個 人 會 來 。 零 。,請 給 我 你 的 名字 ， 星期二 早上 7點 ， 我們 將 爲 您 準備 一 張 桌子 ！ 零 。
請 給 我 你 的 名字 ， 星期二 早上 7點 ， 我們 將 爲 您 準備 一 張 桌子 ！ 零 。,好 極了 ！ 我們 的 姓 是 福斯特 。 零 。
好 極了 ！ 我們 的 姓 是 福斯特 。 零 。,謝謝 福斯特 先生 ， 請 於 本 週二 7點見 。 零 。
謝謝 福斯特 先生 ， 請 於 本 週二 7點見 。 零 。,我 期待 在 你 的 餐廳 吃飯 。 感謝 您 的 幫助 。 零 。
帕薩迪納 的 幕府 餐廳 。 零 。,嗨 ， 你 能 幫幫 我 嗎 ？ 我 需要 預訂 晚餐 。 八 。
嗨 ， 你 能 幫幫 我 嗎 ？ 我 需要 預訂 晚餐 。 八 。,如果 你 能 告訴 我 你 喜歡 預訂 的 晚上 ， 我 可以 幫 到 你 。 零 。
如果 你 能 告訴 我 你 喜歡 預訂 的 晚上 ， 我 可以 幫 到 你 。 零 。,週二 晚上 是 我們 需要 預訂 的 時間 。 八 。
週二 晚上 是 我們 需要 預訂 的 時間 。 八 。,你 認爲 你 想 吃 晚飯 的 時間 是 幾 點 ？ 八 。
7：00 是 最 好 的 ， 也 可能 是 7:30 。 零 。,你 的 小組 中 有 多少 食客 ？ 八 。
你 的 小組 中 有 多少 食客 ？ 八 。,我們 需要 四 個人 的 預訂 。 零 。
我們 需要 四 個人 的 預訂 。 零 。,如果 你 能 給 我 你 的 名字 ， 我 在 7點 就 有 一 張 四 人 餐桌 。 八 。
如果 你 能 給 我 你 的 名字 ， 我 在 7點 就 有 一 張 四 人 餐桌 。 八 。,我 的 姓 是 福斯特 。 零 。
謝謝 你 的 預訂 。福斯特 先生 ， 我們 將 在 本 週二 的 7:00 期待 你 。 零 。,我們 會 在 那裏 ！ 謝謝 您 的 幫助 ！ 零 。
晚上 好 ， 先生 ， 歡迎 來到 Chez Attitude 。 零 。,我們 在 7點 以 福斯特 的 名義 預訂 四 人 晚餐 。 零 。
我們 在 7點 以 福斯特 的 名義 預訂 四 人 晚餐 。 零 。,是的 ， 福斯特 先生 ， 如果 你 願意 坐 在 等候區 ， 我們 的 女 主人 會 在 一瞬間 和 你 在 一起 。零 。
是的 ， 福斯特 先生 ， 如果 你 願意 坐 在 等候區 ， 我們 的 女 主人 會 在 一瞬間 和 你 在 一起 。零 。,謝謝 。 如果 我們 在 等待 時 喝 一 杯 雞尾 酒會 沒關係 嗎 ？ 零 。
謝謝 。 如果 我們 在 等待 時 喝 一 杯 雞尾 酒會 沒關係 嗎 ？ 零 。,當然 ， 我 會 告訴 她 的 。 二 。
當然 ， 我 會 告訴 她 的 。 二 。,我 真的 更 喜歡 外面 的 桌子 。 那 有 可能 嗎 ？ 四 。
我 真的 更 喜歡 外面 的 桌子 。 那 有 可能 嗎 ？ 四 。,當然 ， 如果 你 想 要 其中 一 張 桌子 ， 我 可以 馬上 就座 。 零 。
當然 ， 如果 你 想 要 其中 一 張 桌子 ， 我 可以 馬上 就座 。 零 。,當然 ， 那 太 好 了 ！ 謝謝 ！ 一 。
當然 ， 那 太 好 了 ！ 謝謝 ！ 一 。,這 是 您 的 菜單 和 葡萄酒 菜單 ， 您 想 現在 訂購 飲料 嗎 ？ 九 。
這 是 您 的 菜單 和 葡萄酒 菜單 ， 您 想 現在 訂購 飲料 嗎 ？ 九 。,是的 ， 我 想 要 伏特加 手鐲 。 九 。
是的 ， 我 想 要 伏特加 手鐲 。 九 。,先生 ， 沒 問題 ， 先生 。 三 。
先生 ， 沒 問題 ， 先生 。 三 。,非常 感謝 。 一 。
歡迎 來到 我們 的 餐廳 ， Chez Attitude ！ 零 。,我們 的 預訂 是 福斯特 的 名字 ， 時間 是 7點 ， 四 人 。 零 。
我們 的 預訂 是 福斯特 的 名字 ， 時間 是 7點 ， 四 人 。 零 。,是的 ， 福斯特 先生 ， 我們 的 女 主人 會 在 一會兒 和 你 在 一起 。零 。
是的 ， 福斯特 先生 ， 我們 的 女 主人 會 在 一會兒 和 你 在 一起 。零 。,在 我們 等待 的 時候 ， 我們 想 先 品嚐 一 杯 雞尾酒 。 當 你 的 桌子 準備 好 時 ， 你 能 告訴 女主人 請 來 告訴 我們 嗎 ？ 零 。
在 我們 等待 的 時候 ， 我們 想 先 品嚐 一 杯 雞尾酒 。 當 你 的 桌子 準備 好 時 ， 你 能 告訴 女主人 請 來 告訴 我們 嗎 ？ 零 。,我 會 讓 她 知道 你 在 哪裏 。 零 。
我 會 讓 她 知道 你 在 哪裏 。 零 。,露臺桌 看 起來 很 不錯 。 我們 能 坐 在 那兒 嗎 ？ 四 。
露臺桌 看 起來 很 不錯 。 我們 能 坐 在 那兒 嗎 ？ 四 。,如果 你 願意 ， 我 可以 馬上 把 你 安排 在 外面 的 桌子 上 。 二 。
如果 你 願意 ， 我 可以 馬上 把 你 安排 在 外面 的 桌子 上 。 二 。,謝謝 ！ 我們 會 坐 在 那裏 。 我們 將 在 那裏 點 飲料 。零 。
謝謝 ！ 我們 會 坐 在 那裏 。 我們 將 在 那裏 點 飲料 。零 。,在 看 菜單 的 時候 ， 我 可以 帶 些 雞尾酒 開始 嗎 ？ 零 。
是的 ， 你 爲什麼 不 給 我們 帶 一 瓶 Chablis 一 瓶 四 杯 開始 ？ 四 。,我 馬上 就 開始 吧 ！ 零 。
我 馬上 就 開始 吧 ！ 零 。,我們 感謝 你 的 幫助 。 零 。
感謝 您 今晚 在 Chez Attitude 加入 我們 。 零 。,我 是 福斯特 先生 ， 我們 今晚 有 7 人 晚餐 預訂 4 人 。 零 。
我 是 福斯特 先生 ， 我們 今晚 有 7 人 晚餐 預訂 4 人 。 零 。,歡迎 ， 福斯特 先生 ， 如果 你 在 休息區 有 座位 ， 我們 的 女 主人 會 準備 好 讓 你 坐 下來 。 零 。
歡迎 ， 福斯特 先生 ， 如果 你 在 休息區 有 座位 ， 我們 的 女 主人 會 準備 好 讓 你 坐 下來 。 零 。,等 我們 準備 喝 一 杯 。 請 女主人 知道 她 可以 在 那裏 找到 我們 。 零 。
等 我們 準備 喝 一 杯 。 請 女主人 知道 她 可以 在 那裏 找到 我們 。 零 。,當 你 準備 桌子 時 ， 她 會 來 告訴 你 。零 。
當 你 準備 桌子 時 ， 她 會 來 告訴 你 。零 。,那些 露臺 是 新 的 ， 不 是 嗎 ？ 可以 坐 在 那裏 嗎 ？ 四 。
那些 露臺 是 新 的 ， 不 是 嗎 ？ 可以 坐 在 那裏 嗎 ？ 四 。,如果 您 想 立即 就座 ， 可以 使用 外面 的 桌子 。 二 。
如果 您 想 立即 就座 ， 可以 使用 外面 的 桌子 。 二 。,我們 很 樂意 坐 在 外面 。 謝謝 你 的 幫助 ！ 二 。
我們 很 樂意 坐 在 外面 。 謝謝 你 的 幫助 ！ 二 。,這 是 你 的 餐桌 ， 現在 我 可以 在 你 考慮 吃 晚餐 的 時候 喝 點 飲料 嗎 ？ 九 。
這 是 你 的 餐桌 ， 現在 我 可以 在 你 考慮 吃 晚餐 的 時候 喝 點 飲料 嗎 ？ 九 。,是的 ， 在 我們 弄 清楚 我們 的 晚餐 訂單 時 ， 你 能 給 我們 帶 一 罐 瑪格麗塔 酒 和 四杯 啤酒 嗎 ？ 九 。
是的 ， 在 我們 弄 清楚 我們 的 晚餐 訂單 時 ， 你 能 給 我們 帶 一 罐 瑪格麗塔 酒 和 四杯 啤酒 嗎 ？ 九 。,我 會 把 你 的 飲料 訂單 放 進去 ， 然後 回來 接受 你 的 晚餐 訂單 。 九 。
我 會 把 你 的 飲料 訂單 放 進去 ， 然後 回來 接受 你 的 晚餐 訂單 。 九 。,當 你 回來 的 時候 我們 會 準備 好 訂購 ！ 二 。
我 可以 開始 喝 任何 東西 嗎 ？ 九 。,是的 ， 請問 我 有 水 嗎 ？ 四 。
是的 ， 請問 我 有 水 嗎 ？ 四 。,當然 ， 你 今天 想 要 任何 開 胃 菜 嗎 ？ 九 。
當然 ， 你 今天 想 要 任何 開 胃 菜 嗎 ？ 九 。,我 可以 訂購 燒烤 翅膀 嗎 ？ 四 。
我 可以 訂購 燒烤 翅膀 嗎 ？ 四 。,沒 問題 ， 我 可以 告訴 你 什麼 嗎 ？ 九 。
沒 問題 ， 我 可以 告訴 你 什麼 嗎 ？ 九 。,不 ， 謝謝 ， 現在 一切 都 好 。 零 。
不 ， 謝謝 ， 現在 一切 都 好 。 零 。,當 你 準備 訂購 食物 時 ， 請 告訴 我 。 零 。
當 你 準備 訂購 食物 時 ， 請 告訴 我 。 零 。,我 準備 好 了 。零 。
我 準備 好 了 。零 。,我 能 得到 什麼 ？ 四 。
我 可以 買 到 阿爾弗雷多 的 fettuccini 嗎 ？ 零 。,這 就 是 全部 嗎 ？ 九 。
這 就 是 全部 嗎 ？ 九 。,是的 ， 就 是 這樣 。 零 。
我 可以 喝 點 什麼 嗎 ？ 零 。,好 的 ， 拜託 。 我 可以 來 一 杯 檸檬水 嗎 ？ 四 。
好 的 ， 拜託 。 我 可以 來 一 杯 檸檬水 嗎 ？ 四 。,你 想 開 胃 菜 嗎 ？ 九 。
你 想 開 胃 菜 嗎 ？ 九 。,我 可以 訂購 燒烤 翅膀 嗎 ？ 九 。
我 可以 訂購 燒烤 翅膀 嗎 ？ 九 。,當然 ， 你 還 想 要 別的 嗎 ？ 九 。
當然 ， 你 還 想 要 別的 嗎 ？ 九 。,現在 好 了 ， 謝謝 。一 。
現在 好 了 ， 謝謝 。一 。,當 你 想 要 訂購 剩下 的 食物 時 告訴 我 。 零 。
當 你 想 要 訂購 剩下 的 食物 時 告訴 我 。 零 。,對不起 。 我 已 準備 好 訂購 。零 。
對不起 。 我 已 準備 好 訂購 。零 。,你 想 要 什麼 ？ 九 。
你 想 要 什麼 ？ 九 。,讓 我 有 嬰兒 背 肋骨 。 九 。
讓 我 有 嬰兒 背 肋骨 。 九 。,當然 ， 還有 什麼 我 可以 幫 你 的 嗎 ？ 九 。
當然 ， 還有 什麼 我 可以 幫 你 的 嗎 ？ 九 。,現在 就 是 這樣 。 一 。
我 可以 喝 點 什麼 嗎 ？ 九 。,好 的 ， 拜託 。 我 可以 來 一 杯 檸檬水 嗎 ？ 九 。
好 的 ， 拜託 。 我 可以 來 一 杯 檸檬水 嗎 ？ 九 。,你 想 開 胃 菜 嗎 ？ 九 。
你 想 開 胃 菜 嗎 ？ 九 。,我 可以 訂購 燒烤 翅膀 嗎 ？ 九 。
我 可以 訂購 燒烤 翅膀 嗎 ？ 九 。,當然 ， 你 還 想 要 別的 嗎 ？ 九 。
當然 ， 你 還 想 要 別的 嗎 ？ 九 。,現在 好 了 ， 謝謝 。零 。
現在 好 了 ， 謝謝 。零 。,當 你 想 要 訂購 剩下 的 食物 時 告訴 我 。 零 。
當 你 想 要 訂購 剩下 的 食物 時 告訴 我 。 零 。,對不起 。 我 已 準備 好 訂購 。零 。
對不起 。 我 已 準備 好 訂購 。零 。,你 想 要 什麼 ？ 九 。
你 想 要 什麼 ？ 九 。,讓 我 有 嬰兒 背 肋骨 。 九 。
讓 我 有 嬰兒 背 肋骨 。 九 。,當然 ， 還有 什麼 我 可以 幫 你 的 嗎 ？ 九 。
當然 ， 還有 什麼 我 可以 幫 你 的 嗎 ？ 九 。,現在 就 是 這樣 。 零 。
我 是 你 的 女 服務員 ， 瑪麗 。 零 。,你 好 ， 瑪麗 。 今晚 我們 都 很 餓 ！ 零 。
你 好 ， 瑪麗 。 今晚 我們 都 很 餓 ！ 零 。,當 你 在 查看 菜單 時 ， 我 可以 對 開 胃 菜 感 興趣 嗎 ？ 九 。
當 你 在 查看 菜單 時 ， 我 可以 對 開 胃 菜 感 興趣 嗎 ？ 九 。,開 胃 菜 聽 起來 不錯 。 你 有 特別 的 菜單 嗎 ？ 九 。
開 胃 菜 聽 起來 不錯 。 你 有 特別 的 菜單 嗎 ？ 九 。,它們 列 在 菜單 的 第一 頁 上 。 九 。
它們 列 在 菜單 的 第一 頁 上 。 九 。,椰子蝦 看 起來 不錯 。 你 有 沒 有 那個 ？ 九 。
椰子蝦 看 起來 不錯 。 你 有 沒 有 那個 ？ 九 。,是的 ， 非常 好 ！ 零 。
是的 ， 非常 好 ！ 零 。,好 的 ， 我 會 接受 的 。零 。
好 的 ， 我 會 接受 的 。零 。,你 想 分開 那個 並 選擇 另 一個 開 胃 菜 半價 分享 嗎 ？ 零 。
你 想 分開 那個 並 選擇 另 一個 開 胃 菜 半價 分享 嗎 ？ 零 。,好 的 。 在 這種 情況 下 ， 我們 還 會 接受 洋蔥圈 的 訂單 。 謝謝 ！ 二 。
我 叫 瑪麗 ， 今晚 我 將 成爲 你 的 女 服務員 。 零 。,謝謝 你 ， 瑪麗 。 我們 一直 期待 著 嘗試 這家 餐廳 。 零 。
謝謝 你 ， 瑪麗 。 我們 一直 期待 著 嘗試 這家 餐廳 。 零 。,在 你 的 主菜 之前 ， 你 想 點 一 份 開 胃 菜 嗎 ？ 九 。
在 你 的 主菜 之前 ， 你 想 點 一 份 開 胃 菜 嗎 ？ 九 。,當然 ， 這 聽 起來 很 棒 。 你 的 開胃菜 在 哪裏 上市 ？ 九 。
當然 ， 這 聽 起來 很 棒 。 你 的 開胃菜 在 哪裏 上市 ？ 九 。,桌子 中央 有 一個 特殊 的 開胃 菜單 。 九 。
桌子 中央 有 一個 特殊 的 開胃 菜單 。 九 。,雞肉 和 奶酪 玉米餅 很 好看 。 那 很 好 嗎 ？ 九 。
雞肉 和 奶酪 玉米餅 很 好看 。 那 很 好 嗎 ？ 九 。,你 知道 ， 這 是 我 的 最 愛 之一 ！ 零 。
你 知道 ， 這 是 我 的 最 愛 之一 ！ 零 。,好 的 ， 我 會 接受 一個 訂單 。 九 。
好 的 ， 我 會 接受 一個 訂單 。 九 。,你 可以 選擇 另 一個 開 胃 菜 半價 分享 。零 。
你 可以 選擇 另 一個 開 胃 菜 半價 分享 。零 。,完美 ！ 請 加上 洋蔥圈 的 訂單 。 二 。
我 叫 瑪麗 ， 今天 晚上 我 將 成爲 你 的 服務員 。 零 。,嗨瑪麗 。 我們 真的 很 期待 這裏 的 美食 。 零 。
嗨瑪麗 。 我們 真的 很 期待 這裏 的 美食 。 零 。,開始 時 我 能 開 胃 了 嗎 ？ 九 。
開始 時 我 能 開 胃 了 嗎 ？ 九 。,我 會 喜歡 開 胃菜 。 它們 是否 列 在 菜單 中 ？ 九 。
我 會 喜歡 開 胃菜 。 它們 是否 列 在 菜單 中 ？ 九 。,我們 的 日常 開 胃 菜列 在 牆上 的 那 塊 板 上 。 九 。
我們 的 日常 開 胃 菜列 在 牆上 的 那 塊 板 上 。 九 。,我 在 考慮 爆米花蝦 。 那個 怎麼樣 ？ 九 。
我 在 考慮 爆米花蝦 。 那個 怎麼樣 ？ 九 。,那 將 是 一個 很 好 的 選擇 ！ 零 。
那 將 是 一個 很 好 的 選擇 ！ 零 。,我 會 相信 你 的 品味 並 接受 一個 訂單 。 九 。
我 會 相信 你 的 品味 並 接受 一個 訂單 。 九 。,我們 有 一個 特別 的 地方 ， 您 可以 半價 訂購 第二 個 開 胃 菜 。 零 。
我們 有 一個 特別 的 地方 ， 您 可以 半價 訂購 第二 個 開 胃 菜 。 零 。,在 這種 情況 下 ， 我們 將 首先 選擇 洋蔥圈 。 二 。
你 有 足夠 的 時間 查看 菜單 嗎 ？ 九 。,是的 ， 我們 幾乎 準備 訂購 了 。九 。
是的 ， 我們 幾乎 準備 訂購 了 。九 。,讓 我 提醒 你 當天 的 特價 ， 這些 特價 都 張貼 在 董事會 上 。 零 。
讓 我 提醒 你 當天 的 特價 ， 這些 特價 都 張貼 在 董事會 上 。 零 。,哦 ， 這 一切 聽 起來 都 很 棒 ！ 我們 可以 把 醬汁 放在 一邊 嗎 ？ 零 。
哦 ， 這 一切 聽 起來 都 很 棒 ！ 我們 可以 把 醬汁 放在 一邊 嗎 ？ 零 。,是的 ， 我們 很 樂意 準備 食物 以 滿足 您 的 特殊 需求 。 零 。
是的 ， 我們 很 樂意 準備 食物 以 滿足 您 的 特殊 需求 。 零 。,我 想 知道 你 是否 有 素食 選擇 。 九 。
是的 ， 烤 蔬菜 沙拉 很 好 ， 而且 portabella 蘑菇 漢堡 也 是 不錯 的 選擇 。 零 。,我 想 我 想 點 西蘭花面 。 九 。
我 想 我 想 點 西蘭花面 。 九 。,這 是 一個 很 好 的 選擇 ， 我 現在 可以 把 你 的 沙拉 帶 給 你 ， 或 帶 上 你 的 晚餐 。 九 。
這 是 一個 很 好 的 選擇 ， 我 現在 可以 把 你 的 沙拉 帶 給 你 ， 或 帶 上 你 的 晚餐 。 九 。,請 把 我們 的 沙拉 給 我們 。 我們 都 餓 了 ！ 二 。
你 準備 訂購 了 嗎 ？ 九 。,我 認爲 我們 很 想 知道 我們 想 訂購 什麼 。 九 。
我 認爲 我們 很 想 知道 我們 想 訂購 什麼 。 九 。,讓 我 告訴 你 當天 的 特色 菜 ， 這 是 帶有 刺 山柑 和 烤大蒜蝦 的 雞 汁 。 九 。
讓 我 告訴 你 當天 的 特色 菜 ， 這 是 帶有 刺 山柑 和 烤大蒜蝦 的 雞 汁 。 九 。,我 想 知道 廚師 是否 可以 放下 醬汁 。 九 。
我 想 知道 廚師 是否 可以 放下 醬汁 。 九 。,廚師 很 樂意 滿足 您 的 特殊 要求 。 零 。
廚師 很 樂意 滿足 您 的 特殊 要求 。 零 。,我 是 素食主義者 。 你 有 素食 選擇 嗎 ？ 九 。
我 是 素食主義者 。 你 有 素食 選擇 嗎 ？ 九 。,你 可以 選擇 烤 蔬菜 和 大蒜 披薩 或 山羊 奶酪 和 蜜餞 核桃 沙拉。九 。
你 可以 選擇 烤 蔬菜 和 大蒜 披薩 或 山羊 奶酪 和 蜜餞 核桃 沙拉。九 。,我 想 我們 會 把 烤 蔬菜 和 大蒜 披薩 分開 。九 。
我 想 我們 會 把 烤 蔬菜 和 大蒜 披薩 分開 。九 。,這 是 一個 很 好 的 選擇 ， 我 現在 可以 帶 上 你 的 沙拉 或者 用 你 的 主菜 服務 。 九 。
這 是 一個 很 好 的 選擇 ， 我 現在 可以 帶 上 你 的 沙拉 或者 用 你 的 主菜 服務 。 九 。,當 你 把 我們 的 主菜 帶 給 我們 時 ， 你 可以 把 我們 的 沙拉 帶 給 我們 。 九 。
你 現在 要 訂購 嗎 ？ 九 。,這 一切 看 起來 都 不錯 ！ 我 想 我們 知道 自己 想 要 什麼 。 九 。
這 一切 看 起來 都 不錯 ！ 我 想 我們 知道 自己 想 要 什麼 。 九 。,請 讓 我 指出 廚師 的 特色 ， 這 是 薰 黑 的 鮎 魚 。 零 。
請 讓 我 指出 廚師 的 特色 ， 這 是 薰 黑 的 鮎 魚 。 零 。,我 節食 ， 廚師 可以 準備 沒有 額外 醬汁 的 食物 嗎 ？ 九 。
我 節食 ， 廚師 可以 準備 沒有 額外 醬汁 的 食物 嗎 ？ 九 。,我們 總是 很 樂意 調整 我們 的 烹飪 以 滿足 您 的 需求 。 九 。
我們 總是 很 樂意 調整 我們 的 烹飪 以 滿足 您 的 需求 。 九 。,你 能 告訴 我 是否 有 素食 主菜 ？ 九 。
你 能 告訴 我 是否 有 素食 主菜 ？ 九 。,腰果 西蘭花 麪條 或 奶酪 和 蔬菜 辣醬 玉米 餅餡 將 是 一個 很 好 的 選擇 。 九 。
腰果 西蘭花 麪條 或 奶酪 和 蔬菜 辣醬 玉米 餅餡 將 是 一個 很 好 的 選擇 。 九 。,我 要 去 烤蝦 醬蒜醬 。 我 想 要 一邊 的 蒜醬 。 九 。
我 要 去 烤蝦 醬蒜醬 。 我 想 要 一邊 的 蒜醬 。 九 。,你 想 要 用 你 的 主菜 帶 給 你 的 沙拉 ， 或者 你 現在 想 要 它 嗎 ？ 九 。
你 想 要 用 你 的 主菜 帶 給 你 的 沙拉 ， 或者 你 現在 想 要 它 嗎 ？ 九 。,您 可以 在 我們 的 晚餐 中 享用 我們 的 沙拉 。 零 。
在 你 看 菜單 的 時候 ， 我 可以 點 一下 飲料 嗎 ？ 九 。,是的 ， 你 有 酒單 嗎 ？ 九 。
是的 ， 你 有 酒單 嗎 ？ 九 。,酒 單位 於 菜單 的 第二 頁 。 九 。
酒 單位 於 菜單 的 第二 頁 。 九 。,這家 餐館 有 混合 飲料 嗎 ？ 九 。
這家 餐館 有 混合 飲料 嗎 ？ 九 。,是的 ， 我們 這裏 有 一個 完整 的 酒吧 。 零 。
是的 ， 我們 這裏 有 一個 完整 的 酒吧 。 零 。,我 不 確定 自己 想 要 什麼 。 你 有 特價 房子 嗎 ？ 四 。
實際上 ， 我們 以 我們 的 Cuervo Gold margaritas 而 聞名 。零 。,聽 起來 不錯 ！ 請 帶 給 我 其中 一個 。 九 。
聽 起來 不錯 ！ 請 帶 給 我 其中 一個 。 九 。,你 想 要 混合 飲料 還是 在 岩石 上 ？ 九 。
你 想 要 混合 飲料 還是 在 岩石 上 ？ 九 。,我 希望 它 融爲一體 。零 。
我 希望 它 融爲一體 。零 。,你 想 要 鹽 還是 鹽？九 。
你 想 要 鹽 還是 鹽？九 。,我 想 要 沒有 鹽 的 瑪格麗塔 ， 謝謝 。零 。
當 你 在 想 什麼 時候 可以 訂購 晚餐 時 ， 你 想 訂購 飲料 嗎 ？ 九 。,你 能 告訴 我 你 的 酒單 在 哪裏 嗎 ？ 九 。
你 能 告訴 我 你 的 酒單 在 哪裏 嗎 ？ 九 。,酒單 就 是 貼 在 董事會 上 。 九 。
酒單 就 是 貼 在 董事會 上 。 九 。,我們 可以 在 這家 餐廳 點 一 杯 混合 飲料 嗎 ？ 九 。
我們 可以 在 這家 餐廳 點 一 杯 混合 飲料 嗎 ？ 九 。,是的 ， 我們 的 酒吧 提供 各種 混合 飲料 。零 。
是的 ， 我們 的 酒吧 提供 各種 混合 飲料 。零 。,你 有 可以 推薦 的 房子 特價 嗎 ？ 九 。
我們 最 受 歡迎 的 飲品 是 我們 的 Cuervo Gold margaritas 。 九 。,這 對 我 來說 聽 起來 不錯 。 我 可以 請 一個 嗎 ？ 九 。
這 對 我 來說 聽 起來 不錯 。 我 可以 請 一個 嗎 ？ 九 。,我 可以 把 它 帶 到 岩石 上 ， 還是 你 喜歡 混合 ？ 九 。
我 可以 把 它 帶 到 岩石 上 ， 還是 你 喜歡 混合 ？ 九 。,請 把 它 帶 到 岩石 上 。 零 。
請 把 它 帶 到 岩石 上 。 零 。,鹽 還是 鹽？九 。
鹽 還是 鹽？九 。,我 希望 它 沒有 鹽 。 零 。
我 可以 點 一下 飲料 嗎 ？ 九 。,你 的 酒單 在 哪裏 ？ 九 。
你 的 酒單 在 哪裏 ？ 九 。,葡萄酒 的 選擇 張貼 在 桌子 中間 的 小菜單 上 。 九 。
葡萄酒 的 選擇 張貼 在 桌子 中間 的 小菜單 上 。 九 。,這裏 有 混合 飲料 嗎 ？ 九 。
這裏 有 混合 飲料 嗎 ？ 九 。,我們 可以 在 酒吧 裏 製作 一些 混合 飲料 。零 。
我們 可以 在 酒吧 裏 製作 一些 混合 飲料 。零 。,我 聽說 你 以 喝酒 聞名 。 你 的 特色 是 什麼 ？ 四 。
我們 的 房子 特別 是 我們 的 Cuervo Gold margarita 。 零 。,我 現在 很 喜歡 瑪格麗塔 ！ 這 就 是 我 要 訂購 的 東西 。 九 。
我 現在 很 喜歡 瑪格麗塔 ！ 這 就 是 我 要 訂購 的 東西 。 九 。,我 可以 在 岩石 上 準備 你 的 飲料 ， 還是 你 喜歡 混合 飲料 ？ 九 。
我 可以 在 岩石 上 準備 你 的 飲料 ， 還是 你 喜歡 混合 飲料 ？ 九 。,拜託 ， 我 更 喜歡 岩石 上 的 瑪格麗塔 酒 。 零 。
拜託 ， 我 更 喜歡 岩石 上 的 瑪格麗塔 酒 。 零 。,你 喜歡 加 鹽 還是 不 加 鹽 的 瑪格麗塔 ？ 九 。
你 喜歡 加 鹽 還是 不 加 鹽 的 瑪格麗塔 ？ 九 。,請 不要 加 鹽 。 零 。
你 喜歡 吃飯 嗎 ？ 四 。,是的 ， 我們 真的 很 喜歡 它 。 零 。
是的 ， 我們 真的 很 喜歡 它 。 零 。,我 可以 在 一些 甜點 中 感 興趣 嗎 ？ 零 。
我 可以 在 一些 甜點 中 感 興趣 嗎 ？ 零 。,是的 ， 聽 起來 不錯 。 零 。
是的 ， 聽 起來 不錯 。 零 。,我們 有 特製 的 巧克力 慕斯 蛋糕 和 香辣朗姆酒 蘋果 酥 。零 。
我們 有 特製 的 巧克力 慕斯 蛋糕 和 香辣朗姆酒 蘋果 酥 。零 。,蘋果 酥脆 聽 起來 很 棒 。 零 。
蘋果 酥脆 聽 起來 很 棒 。 零 。,既然 有 四 個 人 ， 你 想 分開 第二 個 甜點 嗎 ？ 九 。
既然 有 四 個 人 ， 你 想 分開 第二 個 甜點 嗎 ？ 九 。,好 建議 。 你 能 帶 給 我們 一塊 巧克力 慕斯 蛋糕 和 四 個 甜點叉 嗎 ？ 零 。
好 建議 。 你 能 帶 給 我們 一塊 巧克力 慕斯 蛋糕 和 四 個 甜點叉 嗎 ？ 零 。,你 想 要 點心 的 咖啡 或 茶 嗎 ？ 九 。
你 想 要 點心 的 咖啡 或 茶 嗎 ？ 九 。,拜託 ， 我們 要 喝 四 杯 咖啡 。 九 。
拜託 ， 我們 要 喝 四 杯 咖啡 。 九 。,OK 。 我 將 帶 著 你 的 甜點 和 飲料 回來 。 零 。
OK 。 我 將 帶 著 你 的 甜點 和 飲料 回來 。 零 。,謝謝 ！ 我們 真 的 很 享受 這裏 的 美食 。 零 。
那 你 的 飯 怎麼樣 ？ 四 。,我們 的 飯 很 棒 ！ 二 。
我們 的 飯 很 棒 ！ 二 。,你 想 和 我們 一起 吃 甜點 嗎 ？ 四 。
你 想 和 我們 一起 吃 甜點 嗎 ？ 四 。,我 吃 飽 了 ， 但 也許 我們 可以 分 一些 甜點 。 零 。
我 吃 飽 了 ， 但 也許 我們 可以 分 一些 甜點 。 零 。,今晚 的 甜點 特色 包括 巧克力 慕斯 蛋糕 和 辣朗姆酒 蘋果 脆 。 零 。
今晚 的 甜點 特色 包括 巧克力 慕斯 蛋糕 和 辣朗姆酒 蘋果 脆 。 零 。,我 很 喜歡 蘋果 脆 。 零 。
我 很 喜歡 蘋果 脆 。 零 。,這 是 一個 不錯 的 選擇 ， 但是 你 願意 爲 你們 四 個 人 分 一 杯 甜點 嗎 ？ 四 。
這 是 一個 不錯 的 選擇 ， 但是 你 願意 爲 你們 四 個 人 分 一 杯 甜點 嗎 ？ 四 。,加入 巧克力 慕斯 蛋糕 ， 我們 很 好 。 我們 還 需要 四 個 甜點 叉 。 零 。
加入 巧克力 慕斯 蛋糕 ， 我們 很 好 。 我們 還 需要 四 個 甜點 叉 。 零 。,我 可以 帶 點 甜點 的 咖啡 或 茶 嗎 ？ 九 。
我 可以 帶 點 甜點 的 咖啡 或 茶 嗎 ？ 九 。,我們 想 要 兩 杯 咖啡 和 兩 杯 茶 。 九 。
我們 想 要 兩 杯 咖啡 和 兩 杯 茶 。 九 。,我 會 把 你 的 甜點 訂單 放 進去 ， 然後 回來 喝 你 的 飲料 。 九 。
我 會 把 你 的 甜點 訂單 放 進去 ， 然後 回來 喝 你 的 飲料 。 九 。,謝謝 ， 當 你 回來 的 時候 我們 可以 檢查 一下 嗎 ？ 我們 有 劇院 門票 ， 需要 很快 離開 。 零 。
你 的 餐 是否 符合 你 的 要求 ？ 零 。,我們 的 飯菜 絕對 完美 ！ 零 。
我們 的 飯菜 絕對 完美 ！ 零 。,一 頓 美味 的 甜點 怎麼樣 ？ 四 。
一 頓 美味 的 甜點 怎麼樣 ？ 四 。,甜點 聽 起來 很 完美 ， 但 我 想 和 朋友 分開 。零 。
甜點 聽 起來 很 完美 ， 但 我 想 和 朋友 分開 。零 。,在 今晚 的 甜點 清單 上 ， 我們 有 巧克力 慕斯 蛋糕 和 辛辣朗姆酒 蘋果 酥 。零 。
在 今晚 的 甜點 清單 上 ， 我們 有 巧克力 慕斯 蛋糕 和 辛辣朗姆酒 蘋果 酥 。零 。,我 認爲 蘋果 酥脆會 很 棒 。 零 。
我 認爲 蘋果 酥脆會 很 棒 。 零 。,一個 甜點 將 服務 兩 個 ， 所以 你 想 分裂 第二 個 ？ 零 。
一個 甜點 將 服務 兩 個 ， 所以 你 想 分裂 第二 個 ？ 零 。,我們 還 想 要 一 塊 巧克力 慕斯 蛋糕 。 你 能 給 我們 帶 四 個 甜點叉 嗎 ？ 九 。
我們 還 想 要 一 塊 巧克力 慕斯 蛋糕 。 你 能 給 我們 帶 四 個 甜點叉 嗎 ？ 九 。,你 的 甜點 咖啡 和 茶 怎麼樣 ？ 四 。
你 的 甜點 咖啡 和 茶 怎麼樣 ？ 四 。,我們 都 是 喝茶 的 人 。 請 給 我們 帶 四 茶 。 零 。
我們 都 是 喝茶 的 人 。 請 給 我們 帶 四 茶 。 零 。,我 會 準備 你 的 甜點 ， 並 讓 別人 立刻 帶 給 你 飲料 。零 。
我 會 準備 你 的 甜點 ， 並 讓 別人 立刻 帶 給 你 飲料 。零 。,熱飲 首先 會 很 棒 。 謝謝 ！ 零 。
這 是 你 的 早餐 ！ 零 。,非常 感謝 。 零 。
小姐 ， 我 相信 我 命令 我 的 雞蛋 亂 了 ， 這些 都 是 油炸 的 。 五 。,對不起 ， 你 那邊 的 朋友 點 了 炒 雞蛋 ， 我 誤 給 你 了 。六 。
對不起 ， 你 那邊 的 朋友 點 了 炒 雞蛋 ， 我 誤 給 你 了 。六 。,哦 ， 是的 。 在 這裏 ， 我 將 與 他 交易 。 零 。
哦 ， 是的 。 在 這裏 ， 我 將 與 他 交易 。 零 。,先生 ， 這 是 你 的 煎餅 。 零 。
先生 ， 這 是 你 的 煎餅 。 零 。,但 我 點 了 華夫餅 ！ 五 。
但 我 點 了 華夫餅 ！ 五 。,我 很 抱歉 ！ 六 。
我 很 抱歉 ！ 六 。,沒關係 。 我 會 吃 我 的 雞蛋 和 培根 ， 你 可以 拿 回 我 的 煎餅 。 五 。
沒關係 。 我 會 吃 我 的 雞蛋 和 培根 ， 你 可以 拿 回 我 的 煎餅 。 五 。,好 的 ， 先生 。 我 馬上 就 會 照顧 好 。 六 。
好 的 ， 先生 。 我 馬上 就 會 照顧 好 。 六 。,非常 感謝 你 ！ 一 。
我 相信 你 點 了 大 滿貫 早餐 。零 。,哦 ， 好 ！ 你 知道 ， 我 正在 看 我 的 盤子 ， 我 點 了 炒 雞蛋 ， 沒 炒 。 零 。
哦 ， 好 ！ 你 知道 ， 我 正在 看 我 的 盤子 ， 我 點 了 炒 雞蛋 ， 沒 炒 。 零 。,我 剛 注意 到 我 不 小心 把 你 朋友 的 早餐 帶 給 了 你 。 零 。
我 剛 注意 到 我 不 小心 把 你 朋友 的 早餐 帶 給 了 你 。 零 。,我 可以 和 他 交易 ， 謝謝 。零 。
我 可以 和 他 交易 ， 謝謝 。零 。,還有 煎餅 給 你 ， 先生 。零 。
還有 煎餅 給 你 ， 先生 。零 。,對不起 ， 我 想 我 點 了 華夫餅 。 五 。
對不起 ， 我 想 我 點 了 華夫餅 。 五 。,對不起 ， 我 聽 錯 了 你 。 六 。
對不起 ， 我 聽 錯 了 你 。 六 。,請 把 我 的 煎餅 換 成 華夫餅 。 在 我 等待 的 時候 ， 我 會 吃 我 的 培根 和 雞蛋 。 五 。
請 把 我 的 煎餅 換 成 華夫餅 。 在 我 等待 的 時候 ， 我 會 吃 我 的 培根 和 雞蛋 。 五 。,我 會 用 你 的 華夫 餅 直接 回到 你 身邊 。六 。
我 會 用 你 的 華夫 餅 直接 回到 你 身邊 。六 。,我 很 感激 。 零 。
給 你 一個 大 滿貫 早餐 ！ 零 。,謝謝 。 你 知道 ， 我 剛 注意 到 這些 雞蛋 都 是 油炸 的 ， 我 點 了 炒 蛋 。 五 。
謝謝 。 你 知道 ， 我 剛 注意 到 這些 雞蛋 都 是 油炸 的 ， 我 點 了 炒 蛋 。 五 。,謝謝 你 指出 了 這 一 點 。 我 錯誤 地 給 了 你 朋友 的 早餐 。零 。
謝謝 你 指出 了 這 一 點 。 我 錯誤 地 給 了 你 朋友 的 早餐 。零 。,沒 問題 。 我 可以 跟 他 交易 我 的 盤子 。 零 。
沒 問題 。 我 可以 跟 他 交易 我 的 盤子 。 零 。,爲 您 特別 訂購 香蕉 煎餅 ！ 零 。
爲 您 特別 訂購 香蕉 煎餅 ！ 零 。,煎餅 ？ 我 不 喜歡 煎餅 。 我 點 了 華夫餅 。 五 。
煎餅 ？ 我 不 喜歡 煎餅 。 我 點 了 華夫餅 。 五 。,對不起 ， 先生 ！ 六 。
對不起 ， 先生 ！ 六 。,當 你 把 我 的 煎餅 換 成 華夫餅 時 ， 我 可以 吃 我 的 培根 和 雞蛋 。 五 。
當 你 把 我 的 煎餅 換 成 華夫餅 時 ， 我 可以 吃 我 的 培根 和 雞蛋 。 五 。,我 現在 就 把 那些 煎餅 換 成 華夫餅 。六 。
我 現在 就 把 那些 煎餅 換 成 華夫餅 。六 。,那 會 照顧 它 ， 謝謝 。零 。
多麼 美妙 的 晚餐 ！ 二 。,謝謝 。 我 很 高興 你 很 享受 。 二 。
謝謝 。 我 很 高興 你 很 享受 。 二 。,你 從 哪裏 得到 了 很 棒 的 食譜 ？ 四 。
你 從 哪裏 得到 了 很 棒 的 食譜 ？ 四 。,我 從小 做飯 。 我 母親 和 我 分享 了 她 的 食譜 。 零 。
我 從小 做飯 。 我 母親 和 我 分享 了 她 的 食譜 。 零 。,我 特別 喜歡 這 道 美味 的 雞肉 菜餚 。零 。
我 特別 喜歡 這 道 美味 的 雞肉 菜餚 。零 。,那 是 一 道 特別 的 椰子 姜雞飯 。 零 。
那 是 一 道 特別 的 椰子 姜雞飯 。 零 。,那 湯 裏 的 蝦 ？ 四 。
那 湯 裏 的 蝦 ？ 四 。,是的 ， 你 喜歡 嗎 ？ 我 加 了 一點 額外 的 檸檬草 和 一些 海洋 蔬菜 。 零 。
是的 ， 你 喜歡 嗎 ？ 我 加 了 一點 額外 的 檸檬草 和 一些 海洋 蔬菜 。 零 。,我 很 高興 我 帶 給 你 的 葡萄酒 適合 這 頓 飯 。 零 。
我 很 高興 我 帶 給 你 的 葡萄酒 適合 這 頓 飯 。 零 。,是的 ， 謝謝 你 帶來 的 葡萄酒 。 它 真的 補充 了 這 頓 飯 。 零 。
這 是 一 頓 美餐 ！ 二 。,謝謝 。 我 很 高興 所有 事情 都 如此 順利 。二 。
謝謝 。 我 很 高興 所有 事情 都 如此 順利 。二 。,誰 教 你 如何 做好 這個 ？ 四 。
誰 教 你 如何 做好 這個 ？ 四 。,我 在 烹飪 學院 上 了 一 堂 烹飪 課 。 零 。
我 在 烹飪 學院 上 了 一 堂 烹飪 課 。 零 。,哇 ， 這個 雞肉 菜 是 什麼 ？ 四 。
哇 ， 這個 雞肉 菜 是 什麼 ？ 四 。,那 不 是 很 好 嗎 ？ 那 是 椰子 姜雞飯 。 零 。
那 不 是 很 好 嗎 ？ 那 是 椰子 姜雞飯 。 零 。,這 湯 是 蝦 湯 嗎 ？ 四 。
這 湯 是 蝦 湯 嗎 ？ 四 。,是的 ， 那裏 有 蝦 和 海洋 蔬菜 和 檸檬草 。 零 。
是的 ， 那裏 有 蝦 和 海洋 蔬菜 和 檸檬草 。 零 。,我 覺得 我 很 幸運 能 選擇 一 種 與 這 頓 飯 融爲一體 的 葡萄酒 。 二 。
我 覺得 我 很 幸運 能 選擇 一 種 與 這 頓 飯 融爲一體 的 葡萄酒 。 二 。,我 很 感謝 你 帶來 的 葡萄酒 。 它 適合 雞肉 。 二 。
我 真的 很 喜歡 這 頓 飯 。 二 。,謝謝 。 我 希望 你們 都 能 享用 這 頓 飯 。 二 。
謝謝 。 我 希望 你們 都 能 享用 這 頓 飯 。 二 。,你 在 哪裏 學習 烹飪 這些 神奇 的 菜餚 ？ 四 。
你 在 哪裏 學習 烹飪 這些 神奇 的 菜餚 ？ 四 。,我 爲 我 的 生日 準備 了 一 本 非常 精彩 的 食譜 ， 並 決定 嘗試 一些 食譜 。 零 。
我 爲 我 的 生日 準備 了 一 本 非常 精彩 的 食譜 ， 並 決定 嘗試 一些 食譜 。 零 。,雞 是 出 這個 世界 ！ 零 。
雞 是 出 這個 世界 ！ 零 。,我 也 喜歡 這 道 菜 。 它 是 椰子雞飯 。 二 。
我 也 喜歡 這 道 菜 。 它 是 椰子雞飯 。 二 。,我 想 知道 湯 裏 是否 有 蝦 。 四 。
我 想 知道 湯 裏 是否 有 蝦 。 四 。,是的 ， 那 湯 有 一個 蝦基 。 我 還 加 了 海 蔬菜 和 檸檬草 。 零 。
是的 ， 那 湯 有 一個 蝦基 。 我 還 加 了 海 蔬菜 和 檸檬草 。 零 。,很 好 ， 我 帶來 的 葡萄酒 似乎 與 這 頓 飯 融爲一體 。零 。
很 好 ， 我 帶來 的 葡萄酒 似乎 與 這 頓 飯 融爲一體 。零 。,我 喜歡 這 款 酒 ！ 雞肉 很 好吃 。 二 。
喬治 ， 你 的 雞 怎麼樣 ？ 四 。,我 的 雞肉 味道 很 好 ， 但 很 幹 。 你 的 魚 怎麼樣 ？ 零 。
我 的 雞肉 味道 很 好 ， 但 很 幹 。 你 的 魚 怎麼樣 ？ 零 。,我 的 魚 也 很 幹 。 五 。
我 的 魚 也 很 幹 。 五 。,這 幾乎 就 像 這種 食物 已經 坐 了 太 久 了 。 它 似乎 並 不 新鮮 。 五 。
這 幾乎 就 像 這種 食物 已經 坐 了 太 久 了 。 它 似乎 並 不 新鮮 。 五 。,是的 ， 對 我 來說 似乎 也 是 這樣 。 零 。
是的 ， 對 我 來說 似乎 也 是 這樣 。 零 。,你 的 蔬菜 怎麼樣 ？ 四 。
你 的 蔬菜 怎麼樣 ？ 四 。,我 的 蔬菜 非常 潮溼 。 五 。
我 的 蔬菜 非常 潮溼 。 五 。,我 的 方式 是 一樣 的 。 看 起來 他們 已經 過度 烹飪 了 。 五 。
我 的 方式 是 一樣 的 。 看 起來 他們 已經 過度 烹飪 了 。 五 。,我 通常 不 會 抱怨 ， 但 我 認爲 我們 應該 向 服務員 提 一下 。 五 。
我 通常 不 會 抱怨 ， 但 我 認爲 我們 應該 向 服務員 提 一下 。 五 。,我 同意 。 也許 他們 可以 爲 我們 帶來 更 好 的 食物 。 五 。
喬治 ， 你 的 雞 好 嗎 ？ 四 。,味道 很 好 ， 但 真的 很 幹 。 你 的 魚 好 嗎 ？ 四 。
味道 很 好 ， 但 真的 很 幹 。 你 的 魚 好 嗎 ？ 四 。,我 的 魚 很 幹 。 五 。
我 的 魚 很 幹 。 五 。,我 想 知道 他們 是否 會 在 服務 之前 將 它 放置 太 久 。 五 。
我 想 知道 他們 是否 會 在 服務 之前 將 它 放置 太 久 。 五 。,這 正是 我 的 想法 。零 。
這 正是 我 的 想法 。零 。,你 的 蔬菜 好 嗎 ？ 五 。
你 的 蔬菜 好 嗎 ？ 五 。,蔬菜 有點 糊狀 。 零 。
蔬菜 有點 糊狀 。 零 。,我 的 也 是 。 我 想 他們 讓 他們 做飯 太 久 了 。 五 。
我 的 也 是 。 我 想 他們 讓 他們 做飯 太 久 了 。 五 。,這裏 的 食物 通常 都 很 好 ， 所以 我 想 我們 應該 告訴 服務員 有 問題 。 五 。
這裏 的 食物 通常 都 很 好 ， 所以 我 想 我們 應該 告訴 服務員 有 問題 。 五 。,我 認爲 你 是 對 的 。 也許 他們 可以 給 我們 一個 免費 的 甜點 或 其他 東西 。 五 。
你 的 雞肉 味道 還 好 嗎 ？ 四 。,雞肉 味道 很 好 ， 但 有點 幹 。 你 的 魚 好 嗎 ？ 四 。
雞肉 味道 很 好 ， 但 有點 幹 。 你 的 魚 好 嗎 ？ 四 。,我 的 魚 有 很 好 的 調味料 ， 但 有點 幹 。 五 。
我 的 魚 有 很 好 的 調味料 ， 但 有點 幹 。 五 。,看 起來 好像 他們 忙著 把 它 放在 它 到 我們 面前 。 零 。
看 起來 好像 他們 忙著 把 它 放在 它 到 我們 面前 。 零 。,是的 ， 也許 他們 今晚 在 廚房 裏 做 空 了 。零 。
是的 ， 也許 他們 今晚 在 廚房 裏 做 空 了 。零 。,你 的 蔬菜 有點 糊狀 嗎 ？ 四 。
你 的 蔬菜 有點 糊狀 嗎 ？ 四 。,蔬菜 似乎 不 是 很 新鮮 。 五 。
蔬菜 似乎 不 是 很 新鮮 。 五 。,我 的 也 不 是 那麼 好 。 五 。
我 的 也 不 是 那麼 好 。 五 。,我 通常 喜歡 這裏 的 飯菜 ， 所以 我 想 我們 應該 告訴 服務員 這 頓 飯 有 什麼 問題 。 五 。
我 通常 喜歡 這裏 的 飯菜 ， 所以 我 想 我們 應該 告訴 服務員 這 頓 飯 有 什麼 問題 。 五 。,我 想 我們 應該 讓 別人 知道 。 他們 可能 想 要 解決 問題 。 五 。
你 想 要 一些 甜點 嗎 ？ 四 。,不 ， 謝謝 。 我們 只 需要 支票 。 你 見 過 女 服務員 了 嗎 ？ 零 。
不 ， 謝謝 。 我們 只 需要 支票 。 你 見 過 女 服務員 了 嗎 ？ 零 。,我們 的 女 服務員 來 檢查 。 零 。
我們 的 女 服務員 來 檢查 。 零 。,這裏 的 服務 真的 很 棒 ， 你 不 覺得 嗎 ？ 四 。
這裏 的 服務 真的 很 棒 ， 你 不 覺得 嗎 ？ 四 。,是的 ， 服務 非常 好 。 二 。
那麼 ， 讓 我們 來 看看 支票 。 總價 爲 3 六 。 00 美元 。 九 。,你 認爲 我們 應該 留下 多少 小費 ？ 九 。
通常 人們 會 留下 15％ ， 但 這 是 特殊 的 服務 。 我 想 也許 20％ 是 合適 的 。零 。,我 同意 20％ 的 選擇 是 正確 的 。零 。
好 的 ， 所以 這 會 讓 她 的 小費 達到 七 。 20 美元 。 加上 3 六 。 00 美元 ， 總價 爲 4 三 。 20 美元 。 九 。,是的 ， 真是 個 美味 的 晚餐 ！ 零 。
是的 ， 真是 個 美味 的 晚餐 ！ 零 。,我們 必須 確保 很快 再次 回到 這裏 。 零 。
你 想 要 更 多 咖啡 嗎 ？ 四 。,不 ， 謝謝 。 我 飽 了 。 我們 需要 找到 我們 的 女 服務員 並 獲得 我們 的 賬單 。 九 。
不 ， 謝謝 。 我 飽 了 。 我們 需要 找到 我們 的 女 服務員 並 獲得 我們 的 賬單 。 九 。,女 服務員 現在 正在 提起 這項 法案 。 零 。
女 服務員 現在 正在 提起 這項 法案 。 零 。,這 位 女 服務員 真 的 處在 最 重要 的 事情 上 ， 不 是 嗎 ？ 四 。
這 位 女 服務員 真 的 處在 最 重要 的 事情 上 ， 不 是 嗎 ？ 四 。,是的 ， 這 位 女 服務員 做 得 很 好 。 零 。
好 的 ， 讓 我們 看看 損壞 是 什麼 。 我們 的 餐點 總額 爲 3 六 。 00 美元 。 零 。,你 覺得 什麼 是 適當 的 數量 留下 小費 ？ 四 。
你 覺得 什麼 是 適當 的 數量 留下 小費 ？ 四 。,百分之十五 是 正常 的 小費 ， 但 她 確實 做 得 很 好 。 你 這 次 20％ 的 想法 是 什麼 ？ 四 。
百分之十五 是 正常 的 小費 ， 但 她 確實 做 得 很 好 。 你 這 次 20％ 的 想法 是 什麼 ？ 四 。,是的 ， 20％ 是 完美 的 。零 。
她 的 小費 將 最終 爲 七 。 20 美元 加上 3 六 。 00 美元 的 賬單 。 總 金額 爲 4 三 。 20 美元 。 九 。,是的 ， 這 是 一 頓 美妙 的 一 餐 ！ 二 。
是的 ， 這 是 一 頓 美妙 的 一 餐 ！ 二 。,我 同意 。 也許 我們 下週 可以 再 來 一 次 。 二 。
你 想 訂購 別的 嗎 ？ 四 。,不 ， 我 很 好 。 我們 現在 需要 的 就 是 檢查 。 九 。
不 ， 我 很 好 。 我們 現在 需要 的 就 是 檢查 。 九 。,即使 我們 說話 ， 女 服務員 也 會 帶 著 我們 的 支票 走過 這裏 。 零 。
即使 我們 說話 ， 女 服務員 也 會 帶 著 我們 的 支票 走過 這裏 。 零 。,我 在 這家 餐廳 從未有過 糟糕 的 服務 ， 但 這 次 非常 特別 。 零 。
我 在 這家 餐廳 從未有過 糟糕 的 服務 ， 但 這 次 非常 特別 。 零 。,是的 ， 她 真的 不遺餘力 地 爲 這種 愉快 的 用餐 體驗 。零 。
我們 來 看看 我們 的 賬單 。 我們 的 晚餐 總價 爲 3 六 。 00 美元 。 九 。,我們 應該 留 出 多少 錢 給 小費 ？ 四 。
我 知道 15％ 是 正常 的 小費 ， 但 我 真的 以爲 這 位 服務員 爲 我們 走 了 。 你 怎麼 看待 她 的 20％ ？ 四 。,她 絕對 應該 獲得 20％ 的 小費 。 零 。
所以 我們 可以 將 她 的 小 費七 。 20 美元 添加 到 3 六 。 00 美元 的 賬單 中 ， 總額 將 是 4 三 。 20 美元 。 九 。,是的 ， 多麼 美妙 的 一 餐 ！ 二 。
是的 ， 多麼 美妙 的 一 餐 ！ 二 。,絕對 是 一 頓 美餐 。 我們 有時候 必須 回到 這裏 吃 午飯 。 二 。
你 想 要 一些 甜點 嗎 ？ 四 。,不 ， 謝謝 。 我們 只 需要 支票 。 你 見 過 女 服務員 了 嗎 ？ 四 。
不 ， 謝謝 。 我們 只 需要 支票 。 你 見 過 女 服務員 了 嗎 ？ 四 。,無論如何 我們 的 女 服務員 在 哪裏 ？ 四 。
無論如何 我們 的 女 服務員 在 哪裏 ？ 四 。,是的 ， 這 項 服務 並 不 是 最 好 的 。 那 是 我們 的 女 服務員 嗎 ？ 四 。
是的 ， 這 項 服務 並 不 是 最 好 的 。 那 是 我們 的 女 服務員 嗎 ？ 四 。,我 會 走 過去 買 賬單 ， 因爲 我 不 認爲 女 服務員 很快 就 會 來 這裏 。 零 。
我 會 走 過去 買 賬單 ， 因爲 我 不 認爲 女 服務員 很快 就 會 來 這裏 。 零 。,好 主意 。 把 它 帶 回來 ， 我們 會 一起 搞 清楚 。 零 。
所以 賬單 是 3 六 。 00 美元 。 九 。,你 認爲 我們 應該 留下 多少 小費 ？ 四 。
你 認爲 我們 應該 留下 多少 小費 ？ 四 。,我 的 第一 個 傾向 是 不 留 任何 小費 。 零 。
我 的 第一 個 傾向 是 不 留 任何 小費 。 零 。,我 同意 ， 但 我們 並 不 完全 瞭解 整個 故事 。 廚房 可能 存在 問題 ， 超出 了 她 的 控制 範圍 。 零 。
我 同意 ， 但 我們 並 不 完全 瞭解 整個 故事 。 廚房 可能 存在 問題 ， 超出 了 她 的 控制 範圍 。 零 。,讓 我們 留下 10％ ， 這樣 我們 至少 可以 爲 服務 留下 一些 東西 。 零 。
讓 我們 留下 10％ ， 這樣 我們 至少 可以 爲 服務 留下 一些 東西 。 零 。,我 同意 。 我們 將 留下 三 。 60 美元 的 小 費。九 。
你 想 要 更 多 咖啡 嗎 ？ 四 。,不 ， 謝謝 。 我 飽 了 。 我們 需要 找到 我們 的 女 服務員 並 獲得 我們 的 賬單 。 九 。
不 ， 謝謝 。 我 飽 了 。 我們 需要 找到 我們 的 女 服務員 並 獲得 我們 的 賬單 。 九 。,祝 你 找到 女 服務員 ！ 零 。
祝 你 找到 女 服務員 ！ 零 。,今晚 的 服務 很 糟糕 。 那 是 我們 的 服務器 嗎 ？ 五 。
今晚 的 服務 很 糟糕 。 那 是 我們 的 服務器 嗎 ？ 五 。,我 會 去 檢查 ， 因爲 我們 的 服務器 似乎 沒有 這種 方式 。 零 。
我 會 去 檢查 ， 因爲 我們 的 服務器 似乎 沒有 這種 方式 。 零 。,好 的 。 我會 留 在 這裏 ， 直到 你 回來 。 零 。
所以 晚餐 的 總價 是 3 六 。 00 美元 。 九 。,你 認爲 我們 的 女 服務員 應該 得到 多少 小費 ？ 四 。
你 認爲 我們 的 女 服務員 應該 得到 多少 小費 ？ 四 。,我 想 知道 如果 服務 沒有 提示 是否 合適 。四 。
我 想 知道 如果 服務 沒有 提示 是否 合適 。四 。,我 有點 同樣 的 感覺 ， 但 他們 今晚 可能 真的 很 缺 人 。 零 。
我 有點 同樣 的 感覺 ， 但 他們 今晚 可能 真的 很 缺 人 。 零 。,我 認爲 我們 應該 留下 10％ 。 零 。
我 認爲 我們 應該 留下 10％ 。 零 。,$ 三 。 60 將 是 小費 的 正確 數額 。 九 。
你 想 訂購 別的 嗎 ？ 四 。,不 ， 我 很 好 。 我們 現在 需要 的 就 是 檢查 。 零 。
不 ， 我 很 好 。 我們 現在 需要 的 就 是 檢查 。 零 。,我們 的 女 服務員 今晚 有點 稀缺 ， 不 是 嗎 ？ 四 。
我們 的 女 服務員 今晚 有點 稀缺 ， 不 是 嗎 ？ 四 。,我 認爲 那 是 我們 的 酒吧 服務員 。 男孩 ， 今晚 的 服務 還 不好 。 五 。
我 認爲 那 是 我們 的 酒吧 服務員 。 男孩 ， 今晚 的 服務 還 不好 。 五 。,她 似乎 沒有 這樣 的 方向 ， 所以 我 會 去 檢查 。 零 。
她 似乎 沒有 這樣 的 方向 ， 所以 我 會 去 檢查 。 零 。,好 的 。 把 它 帶 回去 我們 將 它們 合 在 一起 。零 。
我們 的 晚餐 總價 爲 3 六 。 00 美元 。 九 。,你 覺得 提示 的 數量 是 多少 ？ 四 。
你 覺得 提示 的 數量 是 多少 ？ 四 。,我 有點 不 想 爲 我們 收到 的 糟糕 服務 留下 任何 小費 。 零 。
我 有點 不 想 爲 我們 收到 的 糟糕 服務 留下 任何 小費 。 零 。,我 同意 這 是 糟糕 的 服務 ， 但 我 聽到 其他 一 位 服務員 提到 這 是 我們 服務器 工作 的 第一 個 晚上 。零 。
我 同意 這 是 糟糕 的 服務 ， 但 我 聽到 其他 一 位 服務員 提到 這 是 我們 服務器 工作 的 第一 個 晚上 。零 。,我 相信 10％ 是 正確 的 。零 。
我 相信 10％ 是 正確 的 。零 。,我 認爲 三 。 60 美元 的 小費 將 是 合適 的 離開 金額 。 九 。
那麼 ， 你 是 怎麼 喜歡 這家 餐館 的 ？ 四 。,我 覺得 這 很 好 。 二 。
我 覺得 這 很 好 。 二 。,我 覺得 食物 很 棒 。 二 。
我 覺得 食物 很 棒 。 二 。,你 最 喜歡 什麼 ？ 四 。
你 最 喜歡 什麼 ？ 四 。,我 最 喜歡 魚 。 二 。
我 最 喜歡 魚 。 二 。,我 也 喜歡 這 條 魚 ， 但 我 最 喜歡 甜點 。 二 。
我 也 喜歡 這 條 魚 ， 但 我 最 喜歡 甜點 。 二 。,是的 ， 澳洲 堅果 蛋糕 很 棒 。 二 。
是的 ， 澳洲 堅果 蛋糕 很 棒 。 二 。,服務 不 是 一流 的 嗎 ？ 四 。
服務 不 是 一流 的 嗎 ？ 四 。,是的 ， 服務員 非常 細心 。 二 。
是的 ， 服務員 非常 細心 。 二 。,我 希望 很快 能 回到 這家 餐館 。 二 。
你 喜歡 這家 餐館 嗎 ？ 四 。,非常 好 。 二 。
非常 好 。 二 。,食物 很 棒 。 二 。
食物 很 棒 。 二 。,你 最 喜歡 的 菜 是 什麼 ？ 四 。
你 最 喜歡 的 菜 是 什麼 ？ 四 。,魚 是 我 的 最 愛 。 二 。
魚 是 我 的 最 愛 。 二 。,是的 ， 魚 很 棒 ， 但 甜點 很 棒 。 二 。
是的 ， 魚 很 棒 ， 但 甜點 很 棒 。 二 。,我 同意 澳洲 堅果 蛋糕 很 棒 。 二 。
我 同意 澳洲 堅果 蛋糕 很 棒 。 二 。,你 不 覺得 這 項 服務 是 最 好 的 嗎 ？ 四 。
你 不 覺得 這 項 服務 是 最 好 的 嗎 ？ 四 。,是的 ， 我們 的 服務員 真的 爲 我們 走 了 。 二 。
是的 ， 我們 的 服務員 真的 爲 我們 走 了 。 二 。,我 很快 就 想 回到 這家 餐館 。 二 。
你 覺得 這家 餐館 怎麼樣 ？ 四 。,我 真的 很 喜歡 ！ 二 。
我 真的 很 喜歡 ！ 二 。,我 真的 很 喜歡 這裏 的 食物 。 二 。
我 真的 很 喜歡 這裏 的 食物 。 二 。,你 最 喜歡 什麼 ？ 四 。
你 最 喜歡 什麼 ？ 四 。,我 最 喜歡 這 條 魚 。 二 。
我 最 喜歡 這 條 魚 。 二 。,魚 很 特別 ， 但 我 很 喜歡 甜點 。 二 。
魚 很 特別 ， 但 我 很 喜歡 甜點 。 二 。,澳洲 堅果 蛋糕 是 這個 世界 ！ 二 。
澳洲 堅果 蛋糕 是 這個 世界 ！ 二 。,我 真的 覺得 這 項 服務 特別 好 。 二 。
我 真的 覺得 這 項 服務 特別 好 。 二 。,是的 ， 該 服務 確實 增加 了 體驗 。 二 。
是的 ， 該 服務 確實 增加 了 體驗 。 二 。,我 很 期待 回到 這家 餐廳 。 二 。
那 你 怎麼 喜歡 這家 餐館 ？ 四 。,實際上 ， 本來 可以 更 好 。 零 。
實際上 ， 本來 可以 更 好 。 零 。,你 不 喜歡 什麼 ？ 四 。
你 不 喜歡 什麼 ？ 四 。,這 是 一 家 新 餐館 。 我 認爲 他們 沒有 一起 行動 。 零 。
這 是 一 家 新 餐館 。 我 認爲 他們 沒有 一起 行動 。 零 。,你 對 食物 有 什麼 看法 ？ 四 。
你 對 食物 有 什麼 看法 ？ 四 。,我 覺得 食物 很 平庸 。 零 。
我 覺得 食物 很 平庸 。 零 。,服務 也 不 是 很 好 。 五 。
服務 也 不 是 很 好 。 五 。,我 同意 。 服務 不好 。 五 。
我 同意 。 服務 不好 。 五 。,你 覺得 你 想 再 試 一 次 這家 餐館 嗎 ？ 四 。
你 覺得 你 想 再 試 一 次 這家 餐館 嗎 ？ 四 。,不 ， 我 想 我 已經 吃 夠 了 這家 餐館 。 零 。
你 喜歡 這家 餐館 嗎 ？ 四 。,我 真的 不 喜歡 這麼 多 。 五 。
我 真的 不 喜歡 這麼 多 。 五 。,您 認爲 問題 是 什麼 ？ 四 。
您 認爲 問題 是 什麼 ？ 四 。,嗯 ， 他們 很 新 。 我 只是 覺得 他們 還 沒有 準備 好 開放 。 五 。
嗯 ， 他們 很 新 。 我 只是 覺得 他們 還 沒有 準備 好 開放 。 五 。,你 對 食物 有 什麼 看法 ？ 四 。
你 對 食物 有 什麼 看法 ？ 四 。,食物 並 不 那麼 令 人 興奮 。 五 。
食物 並 不 那麼 令 人 興奮 。 五 。,我 認爲 服務 也 不好 。 五 。
我 認爲 服務 也 不好 。 五 。,是的 ， 這 項 服務 肯定 沒有 增加 經驗 。 五 。
是的 ， 這 項 服務 肯定 沒有 增加 經驗 。 五 。,你 想 回到 這家 餐館 嗎 ？ 四 。
你 想 回到 這家 餐館 嗎 ？ 四 。,也許 我們 可以 在 事情 穩定 下來 的 幾 個 月 內 再 試 一 次 。 二 。
你 覺得 那 家 餐館 怎麼樣 ？ 四 。,不 是 那麼 好 。 五 。
不 是 那麼 好 。 五 。,你 最 不 喜歡 什麼 ？ 四 。
你 最 不 喜歡 什麼 ？ 四 。,我 認爲 他們 沒有 一起 行動 。 他們 似乎 沒有 做好 充分 準備 。 五 。
我 認爲 他們 沒有 一起 行動 。 他們 似乎 沒有 做好 充分 準備 。 五 。,你 覺得 食物 好 嗎 ？ 四 。
你 覺得 食物 好 嗎 ？ 四 。,我 對 食物 印象 不 深 。 五 。
我 對 食物 印象 不 深 。 五 。,服務 肯定 會 更 好 。 二 。
服務 肯定 會 更 好 。 二 。,服務 沒有 幫助 。 五 。
服務 沒有 幫助 。 五 。,這 是 一 家 你 想 回來 的 餐館 嗎 ？ 四 。
這 是 一 家 你 想 回來 的 餐館 嗎 ？ 四 。,我 對 再次 嘗試 這家 餐廳 並 不 感 興趣 。 零 。
歡迎 您 ， 您 想 訂購 什麼 ？ 九 。,我 想 要 一個 雙層 芝士 漢堡 。九 。
我 想 要 一個 雙層 芝士 漢堡 。九 。,你 想 要 一切 嗎 ？ 九 。
你 想 要 一切 嗎 ？ 九 。,我 想 要 一切 ， 謝謝 。零 。
我 想 要 一切 ， 謝謝 。零 。,你 想 要 炸 薯條 嗎 ？ 九 。
你 想 要 炸 薯條 嗎 ？ 九 。,我 來 買 一些 大 卷 炸 薯條 。 零 。
我 來 買 一些 大 卷 炸 薯條 。 零 。,我 可以 喝 點 什麼 嗎 ？ 九 。
我 可以 喝 點 什麼 嗎 ？ 九 。,當然 ， 中等 百事可樂 怎麼樣 ？ 零 。
當然 ， 中等 百事可樂 怎麼樣 ？ 零 。,這 就 是 一切 嗎 ？ 九 。
這 就 是 一切 嗎 ？ 九 。,那 就 是 全部 。 謝謝 。零 。
那 就 是 全部 。 謝謝 。零 。,不 客氣 ， 你 的 總價 是 五 。 48 美元 。 九 。
不 客氣 ， 你 的 總價 是 五 。 48 美元 。 九 。,謝謝 。 幹 得 好 。 九 。
我 能 得到 什麼 ？ 九 。,您好 ， 我 可以 吃 雙層 芝士 漢堡 嗎 ？ 九 。
您好 ， 我 可以 吃 雙層 芝士 漢堡 嗎 ？ 九 。,有 什麼 東西 嗎 ？ 九 。
有 什麼 東西 嗎 ？ 九 。,聽 起來 不錯 。 九 。
聽 起來 不錯 。 九 。,你 想 要點 炸 薯條 嗎 ？ 九 。
你 想 要點 炸 薯條 嗎 ？ 九 。,我 可以 買 一 大 卷 炸 薯條 嗎 ？ 九 。
我 可以 買 一 大 卷 炸 薯條 嗎 ？ 九 。,你 想 喝 點 東西 嗎 ？ 九 。
你 想 喝 點 東西 嗎 ？ 九 。,給 我 一個 中等 百事可樂 。 九 。
給 我 一個 中等 百事可樂 。 九 。,你 還 想 要 別的 嗎 ？ 九 。
你 還 想 要 別的 嗎 ？ 九 。,不 ， 謝謝 。 而已 。九 。
不 ， 謝謝 。 而已 。九 。,沒 問題 ， 那 將 是 五 。 48 美元 。 九 。
沒 問題 ， 那 將 是 五 。 48 美元 。 九 。,謝謝 。 幹 得 好 。 九 。
我 能 得到 什麼 ？ 九 。,您好 ， 我 可以 吃 雙層 芝士 漢堡 嗎 ？ 九 。
您好 ， 我 可以 吃 雙層 芝士 漢堡 嗎 ？ 九 。,有 什麼 東西 嗎 ？ 九 。
有 什麼 東西 嗎 ？ 九 。,聽 起來 不錯 。 零 。
聽 起來 不錯 。 零 。,你 想 要點 炸 薯條 嗎 ？ 九 。
你 想 要點 炸 薯條 嗎 ？ 九 。,我 可以 買 一 大 卷 炸 薯條 嗎 ？ 零 。
我 可以 買 一 大 卷 炸 薯條 嗎 ？ 零 。,你 想 喝 點 東西 嗎 ？ 九 。
你 想 喝 點 東西 嗎 ？ 九 。,給 我 一個 中等 百事可樂 。 零 。
給 我 一個 中等 百事可樂 。 零 。,你 還 想 要 別的 嗎 ？ 九 。
你 還 想 要 別的 嗎 ？ 九 。,不 ， 謝謝 。 而已 。零 。
不 ， 謝謝 。 而已 。零 。,沒 問題 ， 那 將 是 五 。 48 美元 。 九 。
沒 問題 ， 那 將 是 五 。 48 美元 。 九 。,非常 感謝 。 不用 找 了 。零 。
我 可以 幫 你 嗎 ？ 九 。,雙層 芝士 漢堡 聽 起來 不錯 。 零 。
雙層 芝士 漢堡 聽 起來 不錯 。 零 。,關於 它 的 一切 ？ 九 。
關於 它 的 一切 ？ 九 。,好 的 ， 拜託 。 零 。
好 的 ， 拜託 。 零 。,你 想 要 炸 薯條 嗎 ？ 九 。
你 想 要 炸 薯條 嗎 ？ 九 。,我 會 喜歡 大 卷 炸 薯條 。 零 。
我 會 喜歡 大 卷 炸 薯條 。 零 。,你 想 喝 點 什麼 嗎 ？ 九 。
你 想 喝 點 什麼 嗎 ？ 九 。,是的 ， 讓 我 有 一個 中等 百事可樂 。 零 。
是的 ， 讓 我 有 一個 中等 百事可樂 。 零 。,這 就 是 全部 嗎 ？ 九 。
這 就 是 全部 嗎 ？ 九 。,是的 ， 就 是 這樣 。 謝謝 。零 。
是的 ， 就 是 這樣 。 謝謝 。零 。,你 的 總價爲五 。 48 美元 。 九 。
