先生，早，歡迎光臨本店。 三。,您好，總共兩位。 零。
請進來。需要我效勞嗎？ 四。,是的，總共兩位。 零。
是的，總共兩位。 零。,這邊請！ 零。
我要點餐。 零。,什麼？ 請再說一遍。 四。
請問您需要什麼？ 四。,不好意思，這個我不會用英語說。 六。
不好意思，這個我不會用英語說。 六。,我找人來幫您。 零。
您可不可以幫我一個忙？ 四。,好的，請問您需要什麼幫忙？ 四。
好的，請問您需要什麼幫忙？ 四。,這份餐點沒有熟。 零。
這份餐點沒有熟。 零。,這個嘛，我看看… 零。
我在找鞋子。 零。,請問需要什麼大小？ 四。
你們有沒有賣帽子？ 四。,有，但是賣光了。 七。
您想要看些什麼？ 四。,我只是看看。 零。
抱歉，讓您久等。您覺得這個怎樣？ 四。,我覺得還不錯。 八  。
我覺得還不錯。 八  。,還需要什麼別的嗎？ 四。
還需要什麼別的嗎？ 四。,就這個，謝謝您 零。
您有什麼建議？ 四。,要不要我推薦一些東西給你？ 九。
要不要我推薦一些東西給你？ 九。,好的，麻煩了。 三。
你們營業時間到幾點？ 四。,到下午九點。 八。
到下午九點。 八。,那你們幾點開門？ 四。
那你們幾點開門？ 四。,上午10點。 八。
何時開門？ 四。,除週一外每天都開放，我們假日公休。 八。
我要退錢。請經理出來跟我說好嗎？ 五。,對不起，我們弄錯了。 七。
我的咖啡做錯了 七。,我們會換新的給您。 零。
先生，早！ 零。,早安。  零。
女士，午安。  零。,午安。  零。
小姐，晚安。 零。,晚安。  零。
歡迎光臨本館，需要我效勞嗎？ 四。,請給我菜單。 零。
要我幫什麼忙嗎？ 四。,兩位。 零。
兩位。 零。,這邊請！ 零。
請坐！要不要喝什麼？ 九。,來杯卡布奇諾。 零。
來杯卡布奇諾。 零。,什麼？ 請再說一遍。 四。
什麼？ 請再說一遍。 四。,我要一杯卡布奇諾。 零。
我要一杯卡布奇諾。 零。,抱歉。我不懂您的意思。 七。
這裡是餐廳訂位組。 零。,我要訂位。 零。
我要訂位。 零。,要訂哪個時候的？ 四。
要訂哪個時候的？ 四。,今晚8點。 零。
幾位 ？ ,三個大人一個小孩 零。
三個大人一個小孩 零。,總共三加一位？ 四。
總共三加一位？ 四。,是的 零。
是的 零。,請在此等候，我會帶您就座． 零。
您較喜歡坐在哪兒？ 四。,靠窗那桌 零。
靠窗那桌 零。,抱歉，這桌已有人訂． 零。
我想訂8位，七點用餐。 零。,好的 三。
好的 三。,麻煩安排角落的座位。 零。
麻煩安排角落的座位。 零。,好的，我馬上送菜單來。 九。
菜單來了。請慢慢參考才決定。 九。,可以開始點菜了嗎？ 四。
可以開始點菜了嗎？ 四。,好的，您想要喝點什麼？ 四。
好的，您想要喝點什麼？ 四。,我要一杯黑咖啡。 零。
我要一杯黑咖啡。 零。,還要點些別的什麼嗎？ 四。
還要點些別的什麼嗎？ 四。,就這樣，謝謝。 零。
這裡用還是外帶？ 四。,我想外帶。 零。
全部就這些？ 四。,是的，總共多少錢？ 四。
抱歉，餐廳要打烊了。 七。,好的。 三。
先生，晚安。這是菜單。 九。,好。給我幾分鐘，讓我看一下。 零。
好。給我幾分鐘，讓我看一下。 零。,您慢慢看。 我等會兒就過來。 零。
先生，現在可以幫您點菜了嗎？ 九。,可以了。我想先來一份雞湯。 零。
可以了。我想先來一份雞湯。 零。,主菜您想點什麼？ 四。
主菜您想點什麼？ 四。,菲力牛排。 零。
菲力牛排。 零。,您要幾分熟？ 四。
您要幾分熟？ 四。,四分熟的。 零。
四分熟的。 零。,要點甜點嗎？ 四。
要點甜點嗎？ 四。,不。我過一會兒再點。 零。
你要喝點甚麼嗎？ 九。,你們有卡布奇諾嗎？ 四。
你們有卡布奇諾嗎？ 四。,有啊，我們有卡布奇諾跟黑咖啡。 零。
有啊，我們有卡布奇諾跟黑咖啡。 零。,那我要卡布奇諾。 零。
那我要卡布奇諾。 零。,好的，我轉頭就為你送上卡布奇諾。 零。
你要喝點甚麼嗎？ 四。,我喝水就可以了，謝謝。 零。
我喝水就可以了，謝謝。 零。,好的，你現在要點餐嗎？ 九。
好的，你現在要點餐嗎？ 九。,嗯… 可以給我一點時間嗎？ 四。
嗯… 可以給我一點時間嗎？ 四。,當然可以喔，我等一下再回來。 零。
你現在要點餐嗎？ 九。,是的，我要一杯卡布奇諾，不要糖。 零。
是的，我要一杯卡布奇諾，不要糖。 零。,好的，還有其他嗎？ 四。
好的，還有其他嗎？ 四。,沒有了，就這樣。 零。
沒有了，就這樣。 零。,好的，我等下就為你送上餐點。 三。
這是你的卡布奇諾。 零。,謝謝你。 一。
卡布奇諾好喝嗎？ 四。,很好喝。 二。
很好喝。 二。,太好了，慢慢享用。 零。
我可以買單嗎？ 四。,當然可以，這是你的帳單，請問你要付現還是刷卡？ 四。
當然可以，這是你的帳單，請問你要付現還是刷卡？ 四。,現金。 零。
現金。 零。,謝謝，請稍等，我去找錢。 一。
謝謝，請稍等，我去找錢。 一。,好的。 三。
好的。 三。,這是你的零錢，非常感謝你的光顧。 一。
服務生！ 零。,是的，強森先生。您要點菜了嗎？ 九。
是的，強森先生。您要點菜了嗎？ 九。,是的。今天的招牌菜是什麼？ 四。
是的。今天的招牌菜是什麼？ 四。,我們有牛排、炸雞或炸蝦特餐，以及時菜炒飯等。 九。
我們有牛排、炸雞或炸蝦特餐，以及時菜炒飯等。 九。,我要牛排特餐。 零。
我要牛排特餐。 零。,您牛排要幾分熟？ 四。
您牛排要幾分熟？ 四。,三分熟。 零。
三分熟。 零。,您附餐要茶還是咖啡？ 四。
您附餐要茶還是咖啡？ 四。,咖啡好了。 零。
咖啡好了。 零。,還要什麼嗎？ 四。
還要什麼嗎？ 四。,先這樣好了。 零。
先這樣好了。 零。,我們馬上送上您的晚餐。 零。
你要喝點甚麼嗎？ 九。,我可以要一杯橘子汁嗎？ 四。
我可以要一杯橘子汁嗎？ 四。,當然。我等下拿你的飲料來。 零。
這是你的橘子汁。 零。,謝謝。 一。
謝謝。 一。,我可以幫你點餐嗎？ 九。
我可以幫你點餐嗎？ 九。,可以，我要一個黑咖啡。 零。
可以，我要一個黑咖啡。 零。,好的馬上來。 零。
好的馬上來。 零。,謝謝。 一。
有沒有興趣來些甜點呢？ 九。,您能不能給我們你們的甜點單呢？ 四。
您能不能給我們你們的甜點單呢？ 四。,當然！ 我馬上回來！ 九。
我想點白巧克力慕斯蛋糕。 零。,沒問題！ 三。
可以請你拿毛衣給我看看嗎？ 四。,當然可以，先生。我們這裏有很多款式。 零。
當然可以，先生。我們這裏有很多款式。 零。,對不起。我想要女生穿的毛衣，不是男生的。 零。
對不起。我想要女生穿的毛衣，不是男生的。 零。,喔，我知道了。女用毛衣在這。 零。
您想要 V 字領的還是翻折式高領的樣式？ 四。,翻折式高領的樣式。 零。
翻折式高領的樣式。 零。,這些有您喜歡的嗎？ 四。
這些有您喜歡的嗎？ 四。,那件很不錯。多少錢？ 四。
那件很不錯。多少錢？ 四。,一百六十九元。 零。
一百六十九元。 零。,比我想的還要貴。 你有便宜點的嗎？ 四。
比我想的還要貴。 你有便宜點的嗎？ 四。,當然有，先生。你預算多少？ 四。
當然有，先生。你預算多少？ 四。,我想要一百元以下的。 零。
我想要一百元以下的。 零。,既然這樣，我大力推薦這一件。 它只超出您的預算五元，而且物超所值。 零。
既然這樣，我大力推薦這一件。 它只超出您的預算五元，而且物超所值。 零。,好的。我就買這件。 零。
我們可以看一下廚房嗎？ 四。,當然。這邊請。 零。
當然。這邊請。 零。,哦，廚房好寬敞。 零。
哦，廚房好寬敞。 零。,是的。我就知道妳會喜歡。 零。
是的。我就知道妳會喜歡。 零。,這台冰箱是新的嗎？ 四。
這台冰箱是新的嗎？ 四。,是的，它是全新的。 零。
是的，它是全新的。 零。,嗯…還有一個問題︰這棟大樓裏可以養狗嗎？ 四。
嗯…還有一個問題︰這棟大樓裏可以養狗嗎？ 四。,狗？我想是可以的。 三。
狗？我想是可以的。 三。,我們什麼時候可以搬進來？ 四。
我們什麼時候可以搬進來？ 四。,隨時。 零。
隨時。 零。,如果你覺得可以的話，我們想明天就搬進來。 零。
如果你覺得可以的話，我們想明天就搬進來。 零。,沒問題。 我想請你們預付兩個月的租金，外加八百元的損毀押金，你們搬走時就會退還給你們。 三。
先生，我能為您效勞嗎？ 四。,是的，我想買一套客廳傢俱。 零。
是的，我想買一套客廳傢俱。 零。,請到這邊來。 我們有非常多的選擇。 零。
請到這邊來。 我們有非常多的選擇。 零。,這張桌子是用什麼做的？ 四。
這張桌子是用什麼做的？ 四。,是這張嗎？ 四。
是這張嗎？ 四。,不是，是那邊那張。 零。
不是，是那邊那張。 零。,它是楓木做的。 零。
它是楓木做的。 零。,哦，我喜歡這張沙發。 它像床一樣舒服。 零。
哦，我喜歡這張沙發。 它像床一樣舒服。 零。,嗯，這是一張床。 我的意思是，它可以變成一張床。 零。
嗯，這是一張床。 我的意思是，它可以變成一張床。 零。,真是方便！我買了。 可以分期付款嗎？ 四。
真是方便！我買了。 可以分期付款嗎？ 四。,可以。您可以分十二個月輕鬆付款。 三。
希爾頓飯店。我能為您效勞嗎？ 四。,是的，我想預訂一間明天的房間。 零。
是的，我想預訂一間明天的房間。 零。,您想要什麼樣的房間？ 八。
您想要什麼樣的房間？ 八。,一間雙人房。 零。
先生，您打算住多久？ 四。,三天。 房間的價錢是多少？ 四。
三天。 房間的價錢是多少？ 四。,一個晚上一百一十九元。 零。
一個晚上一百一十九元。 零。,包括餐費嗎？ 四。
包括餐費嗎？ 四。,是的，我們在中層樓有免費的自助式早餐供應。 零。
是的，我們在中層樓有免費的自助式早餐供應。 零。,這樣很好。 零。
這樣很好。 零。,請問尊姓大名？ 四。
請問尊姓大名？ 四。,我叫約翰．史密斯。 零。
我叫約翰．史密斯。 零。,謝謝您，史密斯先生。我們期盼您的光臨。 零。
客房服務部。我能幫您什麼忙？ 四。,晚安。我是一二三號房的約翰．史密斯。 零。
晚安。我是一二三號房的約翰．史密斯。 零。,什麼事，先生？ 四。
什麼事，先生？ 四。,你們能幫我一個忙嗎？ 四。
你們能幫我一個忙嗎？ 四。,若能幫忙，我很樂意服務，史密斯先生。 零。
若能幫忙，我很樂意服務，史密斯先生。 零。,請在明天早上六點鐘打電話叫醒我，好嗎？ 四。
請在明天早上六點鐘打電話叫醒我，好嗎？ 四。,當然可以。 三。
當然可以。 三。,謝謝。那麼早你們供應早餐了嗎？ 四。
謝謝。那麼早你們供應早餐了嗎？ 四。,是的，先生。您可以在您房間裏吃早餐或在餐廳裏吃自助式早餐。 零。
是的，先生。您可以在您房間裏吃早餐或在餐廳裏吃自助式早餐。 零。,好。還有一件事，今天晚上我需要多一條毛毯。 零。
好。還有一件事，今天晚上我需要多一條毛毯。 零。,沒問題，史密斯先生。 我馬上送一條上去。 三。
櫃台服務員，早安。 零。,早安。我是一二三號房的約翰．史密斯。 我準備要離開了。 請派一個行李員來搬我的行李，好嗎？ 四。
早安。我是一二三號房的約翰．史密斯。 我準備要離開了。 請派一個行李員來搬我的行李，好嗎？ 四。,好的，先生。馬上就來。 三。
先生，我能為您效勞嗎？ 四。,是的，我要退房。 零。
是的，我要退房。 零。,您的房間號碼和鑰匙呢？ 四。
您的房間號碼和鑰匙呢？ 四。,一二三號房。這是我的鑰匙。 零。
一二三號房。這是我的鑰匙。 零。,先生，這是您的帳單。 請您核對一下好嗎？ 四。
先生，這是您的帳單。 請您核對一下好嗎？ 四。,看來沒錯。 你們收旅行支票嗎？ 四。
看來沒錯。 你們收旅行支票嗎？ 四。,當然了，先生。 三。
當然了，先生。 三。,旅行支票給你。 零。
我想租輛車。 零。,您想要什麼樣的車？小型轎車還是普通轎車？ 四。
您想要什麼樣的車？小型轎車還是普通轎車？ 四。,我想要輛小型車。 零。
我想要輛小型車。 零。,這是我們的汽車目錄。 零。
這是我們的汽車目錄。 零。,我喜歡這輛。 零。
我喜歡這輛。 零。,好的。您要租多久？ 四。
好的。您要租多久？ 四。,大約一個星期。租金多少？ 四。
大約一個星期。租金多少？ 四。,一天二十九美元，不限哩數。 零。
一天二十九美元，不限哩數。 零。,包括保險嗎？ 四。
包括保險嗎？ 四。,是的。 我可以看看您的駕駛執照嗎？ 四。
是的。 我可以看看您的駕駛執照嗎？ 四。,當然可以。我有一張國際駕駛執照，這是我的信用卡。 三。
當然可以。我有一張國際駕駛執照，這是我的信用卡。 三。,好的。請填一下這張表，您就可以上路了。 零。
您要加哪一種汽油？ 四。,我不太清楚。這是租來的車，而且是我第一次加油。 零。
我不太清楚。這是租來的車，而且是我第一次加油。 零。,我們有普通汽油，特級汽油和高級汽油。這是新車，所以我建議您加高級汽油。 零。
我們有普通汽油，特級汽油和高級汽油。這是新車，所以我建議您加高級汽油。 零。,謝謝。請加滿。 一。
謝謝。請加滿。 一。,好的，先生。 零。
需要清潔一下擋風玻璃嗎？ 四。,好的，謝謝。 一。
可否幫我檢查一下水箱，機油和輪胎？ 四。,沒問題。 三。
沒問題。 三。,這兒有洗手間嗎？ 四。
這兒有洗手間嗎？ 四。,有的，先生。在那邊。 零。
您的車好了。 加了點水，機油和輪胎沒問題。 零。,好。一共多少錢？ 四。
好。一共多少錢？ 四。,九加侖特級汽油。 一共是十五元三角兩分美元。 零。
女士，您好。我能為您效勞嗎？ 四。,我這個東西可以退錢嗎？ 四。
我這個東西可以退錢嗎？ 四。,有什麼不對嗎？ 四。
有什麼不對嗎？ 四。,有啊，這個部分有瑕疵。 我買的時候沒有註意到。 零。
有啊，這個部分有瑕疵。 我買的時候沒有註意到。 零。,哦，真抱歉。 我可以看看您的發票嗎？ 四。
哦，真抱歉。 我可以看看您的發票嗎？ 四。,可以，在這兒。 三。
很抱歉，女士。您的退款期限十天前就過了。 七。,差十天有什麼關係？ 四。
差十天有什麼關係？ 四。,雖然您不能退錢，但我可以讓您換另一件或任何其他東西。 零。
雖然您不能退錢，但我可以讓您換另一件或任何其他東西。 零。,你有和這件完全一模一樣顏色、樣式、尺寸的嗎？ 四。
你有和這件完全一模一樣顏色、樣式、尺寸的嗎？ 四。,我看看… 嗯。這件的式樣和尺寸是一模一樣，但是顏色不一樣。 零。
我看看… 嗯。這件的式樣和尺寸是一模一樣，但是顏色不一樣。 零。,哦，看來我別無選擇了。 你可以幫我訂一件相同顏色的嗎？ 四。
哦，看來我別無選擇了。 你可以幫我訂一件相同顏色的嗎？ 四。,我當然可以試試。 請稍等。 三。
我要寄這封信到紐約。 零。,航空信還是平信？ 四。
航空信還是平信？ 四。,平信。 零。
你知道到紐約的航空信費率是多少嗎？ 四。,第一盎司三角兩分，之後每加一盎司是兩角六分。 零。
寄航空信到那裡要多久？ 四。,通常要花三或四天的時間。 零。
通常要花三或四天的時間。 零。,好的。我要寄航空信，而且還要掛號。 三。
妳也要保險嗎？ 四。,不用，裡面只有一張支票和一張照片。 這封信的郵費是多少？ 四。
不用，裡面只有一張支票和一張照片。 這封信的郵費是多少？ 四。,一元八角三分美金。 零。
一元八角三分美金。 零。,好的。給你 三。
好的。給你 三。,這是妳的收據。 零。
女士，午安。 零。,午安。我約好四點鐘燙髮。 零。
午安。我約好四點鐘燙髮。 零。,哦，好的，請坐。 零。
哦，好的，請坐。 零。,謝謝。 一。
妳想燙哪一種髮型？ 四。,你有哪幾種？ 四。
你有哪幾種？ 四。,哦，我們有很多種：一般燙髮、冷燙、平板燙及泡沫燙。 零。
哦，我們有很多種：一般燙髮、冷燙、平板燙及泡沫燙。 零。,今天我想試一下泡沫燙。 零。
今天我想試一下泡沫燙。 零。,好的。請坐到這邊來。 三。
你能把捲度弄得比平常大一些嗎？ 四。,沒問題，女士。 三。
請問先生晚餐想吃點什麼？ 九。,我們預訂了低脂餐。 請問能挑選主菜嗎？ 四。
我們預訂了低脂餐。 請問能挑選主菜嗎？ 四。,可以，今天提供烤蝦肉飯和燒雞肉麵。 三。
可以，今天提供烤蝦肉飯和燒雞肉麵。 三。,我要雞肉。 四。
我要雞肉。 四。,好的 三。
附餐是什麼？ 四。,配菜、沙拉、麵包捲，甜點是優格。晚餐後要來杯酒嗎？ 九。
配菜、沙拉、麵包捲，甜點是優格。晚餐後要來杯酒嗎？ 九。,當然，我們要慶祝一下。 這是我們的二度蜜月， 要好好享受一下。 三。
當然，我們要慶祝一下。 這是我們的二度蜜月， 要好好享受一下。 三。,恭喜。 零。
白酒或紅酒？ 九。,給我們兩杯白酒。 零。
給我們兩杯白酒。 零。,好的，先生。 三。
嘿，請問要點些什麼？ 九。,我要一個雙層起司堡、薯條和奶昔。 零。
我要一個雙層起司堡、薯條和奶昔。 零。,奶昔要什麼口味？ 九。
奶昔要什麼口味？ 九。,草莓。 零。
草莓。 零。,總共是六塊九毛八。 零。
總共是六塊九毛八。 零。,給你十元。 零。
給你十元。 零。,內用或外帶？ 四。
內用或外帶？ 四。,內用。 零。
內用。 零。,找你三塊兩毛。謝謝你。用餐愉快！ 一。
強森先生，晚安。您要先來點飲料嗎？ 九。,好的，請先拿菜單給我看一下。 零。
好的，請先拿菜單給我看一下。 零。,菜單來了，請慢慢參考才決定。 九。
我先來杯台灣啤酒吧 零。,要生啤酒還是瓶裝的呢？ 四。
要生啤酒還是瓶裝的呢？ 四。,生啤酒，謝謝。 一。
生啤酒，謝謝。 一。,不客氣。 零。
您點的啤酒來了。等會兒您要點菜時我就過來。 零。,好的謝謝。 一。
這裡是雲端咖啡館，我能為您效勞嗎？ 四。,我想預約今晚晚餐餐位。 零。
我想預約今晚晚餐餐位。 零。,您們有幾位？ 八。
您們有幾位？ 八。,兩位。 零。
兩位。 零。,吸煙或非吸煙區？ 四。
吸煙或非吸煙區？ 四。,非吸煙區。 零。
非吸煙區。 零。,請問大名是？ 四。
我是小明，我住2266房。 零。,好的，小明先生。您的大名已記在我們的預約單上了。晚餐八點開始服務。我們營業到晚上十點。 三。
好的，小明先生。您的大名已記在我們的預約單上了。晚餐八點開始服務。我們營業到晚上十點。 三。,好的，謝謝。 四。
好的，謝謝。 四。,感謝您的來電。 四。
我可以幫你點餐嗎？ 九。,今天的特餐是甚麼？ 四。
今天的特餐是甚麼？ 四。,今天的特餐是炸魚。 九。
今天的特餐是炸魚。 九。,那我要一個特餐。 零。
你想現在點餐嗎？ 九。,我可以要多幾分鐘嗎？ 四。
我可以要多幾分鐘嗎？ 四。,當然。我等下再回來。 三。
我可以幫你點餐嗎？ 九。,你有甚麼建議嗎？ 零。
你有甚麼建議嗎？ 零。,我們的黑咖啡很不錯的。 九。
我們的黑咖啡很不錯的。 九。,Ok， 那我要黑咖啡吧。 零。
Ok， 那我要黑咖啡吧。 零。,好的，你的黑咖啡要加糖嗎？ 四。
好的，你的黑咖啡要加糖嗎？ 四。,不用，謝謝。 一。
我可以幫你點餐嗎？ 九。,你們有素食的選擇嗎？ 四。
你們有素食的選擇嗎？ 四。,當然，我拿一個素食菜單給你。 零。
當然，我拿一個素食菜單給你。 零。,謝謝。 一。
謝謝。 一。,這是我們的素食菜單，我給你一點時間。 零。
這是我們的素食菜單，我給你一點時間。 零。,謝謝。 一。
請問您已經用完了還是還在吃呢？ 四。,我已經用餐完畢了。 零。
我可以將剩下的晚餐帶走嗎？ 四。,當然！ 我馬上回來！  三。
有沒有興趣來些甜點呢？ 九。,您能不能給我們你們的甜點單呢？ 四。
您能不能給我們你們的甜點單呢？ 四。,當然！ 我馬上回來！ 九。
我想點白巧克力慕斯蛋糕。 零。,沒問題！ 三。
服務領班，我要辦退房了。請幫我搬行李。 零。,好。請問您房間幾號？ 四。
好的﹐2266號房。馬上派人上去。 三。,請十一點半過來。 零。
請十一點半過來。 零。,行李員會準時過去。 零。
你好，我想要點餐。 零。,歡迎光臨，請問今天想要什麽呢？ 九。
歡迎光臨，請問今天想要什麽呢？ 九。,我想要一杯義式咖啡。 零。
我想要一杯義式咖啡。 零。,好的，請問要冰的還是熱的呢？ 九。
好的，請問要冰的還是熱的呢？ 九。,冰的。 零。
冰的。 零。,知道了，一杯義式咖啡少冰。 九。
還有需要其他的東西嗎？ 九。,那再來一份貝果好了。 零。
那再來一份貝果好了。 零。,請問要什麽口味呢？ 九。
請問要什麽口味呢？ 九。,草莓口味。 零。
草莓口味。 零。,好的，總共是一杯義式咖啡少冰和草莓貝果對嗎？ 九。
好的，總共是一杯義式咖啡少冰和草莓貝果對嗎？ 九。,對的。 零。
先生，歡迎你。有什麽我可以幫你嗎？ 四。,是的，我想去美國度假。 九。
是的，我想去美國度假。 九。,沒問題。事實上，我們有一些很棒的套餐。 零。
你好，我想要點餐。 零。,歡迎你。有什麽我可以幫你嗎？ 九。
歡迎你。有什麽我可以幫你嗎？ 九。,我想要一杯卡布奇諾。 零。
我想要一杯卡布奇諾。 零。,好的，請問要冰的還是熱的呢？ 九。
好的，請問要冰的還是熱的呢？ 九。,冰的。 零。
冰的。 零。,知道了，一杯卡布其諾少冰。 九。
你好，我要報到。 零。,好的。請問是住哪一間房呢？ 九。
202號房。 零。,好的。我知道了，這是你的房卡。 零。
好的。我知道了，這是你的房卡。 零。,謝謝你。 零。
打擾了，我想嘗嘗中國菜。 零。,我們這裏有很好的中國菜。您喜歡什麽風味？ 九。
我們這裏有很好的中國菜。您喜歡什麽風味？ 九。,我對中國菜一無所知。您能給我一些建議嗎？ 四。
我對中國菜一無所知。您能給我一些建議嗎？ 四。,中國菜分成八大菜系，如粵菜、魯菜和川菜等等。 零。
中國菜分成八大菜系，如粵菜、魯菜和川菜等等。 零。,有什麽不同嗎？ 四。
有什麽不同嗎？ 四。,粵菜清淡適中，而魯菜則味重香濃。 零。
粵菜清淡適中，而魯菜則味重香濃。 零。,川菜怎麽樣？ 四。
川菜怎麽樣？ 四。,川菜大都麻辣濃香。 零。
川菜大都麻辣濃香。 零。,噢，其實我喜歡吃辣一點的。所以您推薦我吃什麽？ 四。
噢，其實我喜歡吃辣一點的。所以您推薦我吃什麽？ 四。,我覺得麻婆豆腐和魚香肉絲味道不錯。我們有四川菜餐廳。可以建議您去那裏嗎？它在三樓。 零。
我覺得麻婆豆腐和魚香肉絲味道不錯。我們有四川菜餐廳。可以建議您去那裏嗎？它在三樓。 零。,謝謝您。 二。
謝謝您。 二。,很高興為您服務。 一。
能為您提供什麽服務？ 四。,嗯，我想為晚餐預訂一張桌子。 零。
嗯，我想為晚餐預訂一張桌子。 零。,您預計你們一共多少人？ 八。
您預計你們一共多少人？ 八。,12人。 零。
12人。 零。,您想訂個包間嗎？ 八。
您想訂個包間嗎？ 八。,聽起來是個好主意。 零。
聽起來是個好主意。 零。,好的。先生，請問您的姓名？ 八。
好的。先生，請問您的姓名？ 八。,我的名字是王大明。 零。
我的名字是王大明。 零。,你們會幾點到？ 八。
好的先生，我們已經為您在晚上7：30預留了一個包間。 零。,非常感謝。 零。
晚上好，您訂座位了嗎？ 八。,沒有。 零。
沒有。 零。,你們一共多少人？ 八。
你們一共多少人？ 八。,就兩位。 零。
就兩位。 零。,你們要吸煙區還是非吸煙區，或是有空位就行？ 八。
你們要吸煙區還是非吸煙區，或是有空位就行？ 八。,我們要非吸煙區。 零。
我們要非吸煙區。 零。,十分抱歉，現在非吸煙區還暫時沒有座位。您能稍等一會兒嗎？ 四。
十分抱歉，現在非吸煙區還暫時沒有座位。您能稍等一會兒嗎？ 四。,我們要等多長時間？ 四。
我們要等多長時間？ 四。,我想大約十分鐘。 零。
我想大約十分鐘。 零。,好吧，那我們就等一會兒。 零。
這是什麽呀？我點的不是這個菜。 五。,實在是太抱歉了，您再講一下您點的是什麽好嗎？我馬上去換您的菜。 六。
實在是太抱歉了，您再講一下您點的是什麽好嗎？我馬上去換您的菜。 六。,我叫的是美味豬肉和涼拌卷心菜。 五。
我叫的是美味豬肉和涼拌卷心菜。 五。,對不起，是我的錯。我馬上把您的菜端上來。 六。
對不起，是我的錯。我馬上把您的菜端上來。 六。,餵，這是什麽？ 五。
餵，這是什麽？ 五。,對不起，小姐。這不是您叫的雞湯嗎？ 四。
對不起，小姐。這不是您叫的雞湯嗎？ 四。,噢，就是這個？ 五。
噢，就是這個？ 五。,我想是的。不過如果您覺得喝得不舒服的話，我可以給您換一個。 六。
我想是的。不過如果您覺得喝得不舒服的話，我可以給您換一個。 六。,不用換了，給我退錢吧。 五。
不用換了，給我退錢吧。 五。,抱歉，這恐怕不行。但您可以叫個其他的菜來代替。 零。
抱歉，這恐怕不行。但您可以叫個其他的菜來代替。 零。,噢，真的嗎？給我來個蛤蜊湯。 五。
噢，真的嗎？給我來個蛤蜊湯。 五。,好的，小姐。 零。
好的，小姐。 零。,謝謝。 零。
謝謝。 零。,希望您吃的開心。 零。
嘿！食物很美味。我一口也吃不下去了。你確定你不要再來一道菜？ 四。,不，我飽了。我的肚子已經不咕咕叫了。 零。
不，我飽了。我的肚子已經不咕咕叫了。 零。,我明白你的意思。我飽到快要爆炸了。那麽我們走了嗎？ 四。
我明白你的意思。我飽到快要爆炸了。那麽我們走了嗎？ 四。,我吃飽了。謝謝你的晚餐。 零。
我吃飽了。謝謝你的晚餐。 零。,不客氣。 零。
你好，我想吃點東西。 零。,歡迎，想吃什麽呢？ 九。
歡迎，想吃什麽呢？ 九。,你們這有什麽推薦的？ 四。
你們這有什麽推薦的？ 四。,我們這有貝果，蛋糕，茶點。 九。
我們這有貝果，蛋糕，茶點。 九。,那來一份草莓貝果。 零。
那來一份草莓貝果。 零。,總共是一份草莓貝果對嗎？ 九。
總共是一份草莓貝果對嗎？ 九。,對的。 零。
對的。 零。,還有需要其他的東西嗎？ 九。
還有需要其他的東西嗎？ 九。,不用，謝謝。 零。
不用，謝謝。 零。,好的。請稍等。 零。
服務員，能過來一下嗎？ 四。,好的，有什麽問題嗎？ 四。
好的，有什麽問題嗎？ 四。,恐怕你搞錯了，這不是我點的菜。 五。
恐怕你搞錯了，這不是我點的菜。 五。,非常抱歉，一定是我搞混點菜單了，我去查一下。 六。
非常抱歉，一定是我搞混點菜單了，我去查一下。 六。,還有，這碗湯也是涼的。 五。
還有，這碗湯也是涼的。 五。,實在對不起，我馬上給您換一碗熱湯來。 六。
嗨，今晚我將為您服務。您現在準備點菜還是稍待一會呢？ 四。,我現在點菜，我要美式咖啡和黑森林蛋糕。 九。
我現在點菜，我要美式咖啡和黑森林蛋糕。 九。,好的，我很快會把您的餐點送來。 三。
好的，我很快會把您的餐點送來。 三。,謝謝。 零。
你好，需要點什麽東西？ 九。,我要兩杯黑咖啡。 零。
我要兩杯黑咖啡。 零。,好的，一杯黑咖啡對嗎？ 九。
好的，一杯黑咖啡對嗎？ 九。,不對，是兩杯黑咖啡。 零。
不對，是兩杯黑咖啡。 零。,不好意思，是兩杯黑咖啡對嗎？ 九。
不好意思，是兩杯黑咖啡對嗎？ 九。,是的。 零。
是的。 零。,好的，會盡快幫您送到。 九。
你好，我想要點餐。 零。,好的，需要些什麽？ 九。
好的，需要些什麽？ 九。,一杯義式咖啡。 零。
一杯義式咖啡。 零。,請問要冰的還是熱的呢？ 九。
請問要冰的還是熱的呢？ 九。,冰的。 零。
冰的。 零。,那請問要正常冰，少冰，還是去冰呢？ 九。
那請問要正常冰，少冰，還是去冰呢？ 九。,少冰。 零。
少冰。 零。,好的，義式咖啡少冰對嗎？ 九。
好的，義式咖啡少冰對嗎？ 九。,是的。 零。
是的。 零。,好的，將盡快為你送到。 二。
你好，需要點什麽東西？ 九。,一杯美式咖啡。 零。
一杯美式咖啡。 零。,請問要冰的還是熱的呢？ 九。
請問要冰的還是熱的呢？ 九。,熱的。 零。
熱的。 零。,好的，一杯熱的美式咖啡對嗎？ 九。
好的，一杯熱的美式咖啡對嗎？ 九。,是的。 零。
是的。 零。,好的，將盡快為你送到。 零。
這是最新的產品，很受年輕人的歡迎。 零。,是的，我知道，我非常喜歡它，我買下了。 零。
是的，我知道，我非常喜歡它，我買下了。 零。,好的，給您發票。 二。
好的，給您發票。 二。,這個手機的保修期是多長時間？ 四。
這個手機的保修期是多長時間？ 四。,七天內保退，一年內保換。 零。
你好，想要些什麽？ 九。,來一份日式茶點。 零。
來一份日式茶點。 零。,好的，請稍等。 零。
不好意思，我想要買單。 九。,好的，請你到櫃台結賬哦。 零。
你好，我想吃點東西。 零。,好的，請問要什麽呢？ 九。
好的，請問要什麽呢？ 九。,你們這有什麽推薦的？ 四。
你們這有什麽推薦的？ 四。,咖啡跟蛋糕都很好吃哦。 九。
咖啡跟蛋糕都很好吃哦。 九。,好的，那來一份黑咖啡和起司蛋糕。 零。
好的，那來一份黑咖啡和起司蛋糕。 零。,好的。一杯黑咖啡和起司蛋糕對嗎？ 九。
好的。一杯黑咖啡和起司蛋糕對嗎？ 九。,沒錯。 零。
沒錯。 零。,好的。請稍等。餐點會盡快為你送到。 零。
不好意思，我想要結賬。 九。,好的，請你到櫃台結賬哦。 零。
你好，請問有空位嗎？ 八。,你們一共多少人？ 八。
你們一共多少人？ 八。,二位。 零。
二位。 零。,有的，讓我來為您帶位。 零。
不好意思，可以幫我清理一下桌面嗎？ 四。,好的。待會兒會有服務員為你服務。 零。
好的。待會兒會有服務員為你服務。 零。,謝謝。 零。
你好，請問有位置嗎？ 四。,請問你們一共幾位？ 八。
請問你們一共幾位？ 八。,四位。 零。
四位。 零。,不好意思，要等一下哦，服務員已經在為您整理桌面了。 零。
不好意思，要等一下哦，服務員已經在為您整理桌面了。 零。,好的，謝謝。 零。
請問有什麽可以為您服務的嗎？ 九。,我要一份大麥克。 零。
我要一份大麥克。 零。,不好意思，我們這裏沒有賣這東西。 零。
不好意思，我們這裏沒有賣這東西。 零。,那你推薦什麽？ 零。
那你推薦什麽？ 零。,我們的黑咖啡很不錯的。起司蛋糕也很美味。 九。
我們的黑咖啡很不錯的。起司蛋糕也很美味。 九。,那來一份起司蛋糕。 零。
那來一份起司蛋糕。 零。,好的，一份起司蛋糕對嗎。 九。
好的，一份起司蛋糕對嗎。 九。,對！ 零。
對！ 零。,好的。請稍等。餐點會盡快為你送到。 零。
您要什麽飲料嗎？ 九。,好啊，我要一杯冰茶。 零。
好啊，我要一杯冰茶。 零。,好的，我很快會把您的飲料和沙拉送來。 零。
好的，我很快會把您的飲料和沙拉送來。 零。,謝謝。 零。
你好，有什麽可以為您服務的嗎？ 九。,這邊空調溫度太高了，幫我調低幾度好嗎？ 零。
這邊空調溫度太高了，幫我調低幾度好嗎？ 零。,好的。 零。
你好，我覺得有點熱，可以把冷氣調低幾度嗎？ 四。,好的，請稍等。 零。
請問先生想吃點什麼？ 九。,來點你最推薦的。 零。
來點你最推薦的。 零。,我推薦黑森林蛋糕。 九。
我推薦黑森林蛋糕。 九。,好，來一份黑森林蛋糕。 零。
好，來一份黑森林蛋糕。 零。,請稍等。 零。
服務員，能過來一下嗎？ 四。,好的，有什麽問題嗎？ 四。
好的，有什麽問題嗎？ 四。,恐怕你搞錯了，這不是我點的菜。 五。
恐怕你搞錯了，這不是我點的菜。 五。,非常抱歉，一定是我搞混點菜單了，我去查一下。 六。
非常抱歉，一定是我搞混點菜單了，我去查一下。 六。,還有，這碗湯也是涼的。 五。
還有，這碗湯也是涼的。 五。,實在對不起，我馬上給您換一碗熱湯來。 六。
你好，有什麽可以為您服務的嗎？四 。。,我要結賬。 九。
我要結賬。 九。,好的，請你到櫃台結賬哦。 零。
你好，需要什麽東西？ 九。,我要一杯卡布奇諾，不要糖。 零。
我要一杯卡布奇諾，不要糖。 零。,好的，一杯卡布奇諾不要糖對嗎？ 九。
好的，一杯卡布奇諾不要糖對嗎？ 九。,對的。 零。
對的。 零。,好的馬上來。 零。
你好。 零。,你好。 零。
早上好。 零。,祝你有個美好的一天。 零。
晚上好。 零。,祝你有個美好的夜晚。 零。
你好啊。 零。,你好。 零。
我有訂位。 八。,請問尊姓大名？ 八。
請問尊姓大名？ 八。,我姓林。 零。
我姓林。 零。,好的，將為你帶位。 零。
你好，想要些什麽？ 九。,來點你最推薦的。 零。
來點你最推薦的。 零。,我推薦卡布其諾。 九。
我推薦卡布其諾。 九。,好，來一杯卡布奇諾。 零。
好，來一杯卡布奇諾。 零。,請問要冰的還是熱的呢？ 九。
請問要冰的還是熱的呢？ 九。,熱的。 零。
熱的。 零。,好的，一杯熱的卡布奇諾對嗎？ 九。
好的，一杯熱的卡布奇諾對嗎？ 九。,對。 零。
對。 零。,好的，請稍等。 零。
你們這裏有什麽好吃的？ 四。,我推薦起司蛋糕。 九。
我推薦起司蛋糕。 九。,好。有需要飲料嗎？ 九。
好。有需要飲料嗎？ 九。,你推薦什麽？ 四。
你推薦什麽？ 四。,本店的黑咖啡很好喝。 九。
本店的黑咖啡很好喝。 九。,那就一杯黑咖啡。 零。
那就一杯黑咖啡。 零。,好的。請稍等。餐點會盡快為你送到。 零。
你好，我想要點餐。 零。,請問今天想要什麽呢？ 九。
請問今天想要什麽呢？ 九。,一杯美式咖啡。 零。
一杯美式咖啡。 零。,請問要外帶還是內用呢？ 九。
請問要外帶還是內用呢？ 九。,外帶。 零。
外帶。 零。,好的。一杯美式咖啡對嗎？ 九。
好的。一杯美式咖啡對嗎？ 九。,對。 零。
對。 零。,好的。請在旁邊稍等一下。 九。
你好，想要些什麽？ 九。,一份起司蛋糕外帶。 零。
一份起司蛋糕外帶。 零。,好的，一份起司蛋糕外帶對嗎。 九。
好的，一份起司蛋糕外帶對嗎。 九。,對的。 零。
對的。 零。,好的。請在旁邊稍等一下。 九。
請問有預約嗎？ 四。,沒有。 零。
沒有。 零。,那可能需要等兩個小時哦。 零。
那可能需要等兩個小時哦。 零。,那算了。 零。
那算了。 零。,好的。 零。
你好，想要些什麽？ 九。,來一份黑森林蛋糕。 零。
來一份黑森林蛋糕。 零。,不好意思，黑森林蛋糕賣完了。 零。
不好意思，黑森林蛋糕賣完了。 零。,那有什麽其他的選擇嗎？ 九。
那有什麽其他的選擇嗎？ 九。,我們的草莓蛋糕很好吃的。 九。
我們的草莓蛋糕很好吃的。 九。,那來一份草莓蛋糕。 零。
那來一份草莓蛋糕。 零。,好的。餐點將盡快為你送到。 零。
德維，你有沒有想過周五去哪兒吃晚飯？ 零。,我不確定。我不知道這附近有很多餐館。 零。
我不確定。我不知道這附近有很多餐館。 零。,您知道，我們可以在線查看本地互聯網站點。 零。
您知道，我們可以在線查看本地互聯網站點。 零。,好的。讓我們來看看！ 三。
好的。讓我們來看看！ 三。,你的生日會有什麽樣的食物？ 四。
你的生日會有什麽樣的食物？ 四。,我最喜歡泰國菜或日本菜。 零。
我最喜歡泰國菜或日本菜。 零。,這一個，幕府將軍，看起來不錯。 零。
這一個，幕府將軍，看起來不錯。 零。,哦，是的，我聽說過那一個。我與之交談過的每個人都說很棒！ 零。
哦，是的，我聽說過那一個。我與之交談過的每個人都說很棒！ 零。,你想去那兒嗎？ 四。
你想去那兒嗎？ 四。,我認為這將是一個非常好的選擇！我們打電話預約。 八。
德維，你有什麽偏好你想去哪兒吃晚飯嗎？ 四。,我真的不知道自己想去哪裏。我在想某家餐館時遇到了麻煩。 六。
我真的不知道自己想去哪裏。我在想某家餐館時遇到了麻煩。 六。,報紙周末有一個很棒的餐廳目錄。 零。
報紙周末有一個很棒的餐廳目錄。 零。,好的，我們可以看一下。 二。
好的，我們可以看一下。 二。,你有特定類型的食物嗎？ 四。
你有特定類型的食物嗎？ 四。,我真的很喜歡日本料理或泰國料理。 零。
那家日本餐廳Shogun得到了很好的評價。 零。,哦，是的！我在電視上看到了那家餐館的評論。評論家喜歡它！ 零。
哦，是的！我在電視上看到了那家餐館的評論。評論家喜歡它！ 零。,這可能是你想去生日的地方嗎？ 零。
這可能是你想去生日的地方嗎？ 零。,那會很棒！我們為什麽不打電話預訂呢？ 八。
德維，你有一個最喜歡的地方，你想去生日晚餐嗎？ 二。,我現在有點不知所措，想到一些特別的地方。 零。
我現在有點不知所措，想到一些特別的地方。 零。,我在這裏有一本很棒的當地餐館指南。 零。
我在這裏有一本很棒的當地餐館指南。 零。,那將是個好看的地方。 二。
那將是個好看的地方。 二。,你最喜歡的餐館食物是什麽？ 零。
你最喜歡的餐館食物是什麽？ 零。,我喜歡很多東西，但泰國或日本人會很好。 零。
我喜歡很多東西，但泰國或日本人會很好。 零。,幕府將軍看起來很不錯！ 零。
幕府將軍看起來很不錯！ 零。,哦，我記得那家餐館。我幾年前去過那裏。我真的很喜歡它！ 零。
哦，我記得那家餐館。我幾年前去過那裏。我真的很喜歡它！ 零。,那對你的生日晚餐來說是個不錯的選擇嗎？ 四。
那對你的生日晚餐來說是個不錯的選擇嗎？ 四。,我很樂意去那裏。讓我們提前打電話確保我們可以在那晚獲得一張桌子。 八。
幕府餐廳。 零。,嗨，我想預訂晚餐。 八。
嗨，我想預訂晚餐。 八。,當然，你什麽時候加入我們？ 八。
當然，你什麽時候加入我們？ 八。,我們需要在周二晚上預訂。 零。
我們需要在周二晚上預訂。 零。,您希望什麽時候預訂？ 八。
我們寧願7:00或7:30。 零。,您需要預訂多少人？ 八。
您需要預訂多少人？ 八。,我們四個人。 零。
我們四個人。 零。,好的，如果你願意告訴我你的名字，我可以在星期二早上7點為你安排。 零。
好的，如果你願意告訴我你的名字，我可以在星期二早上7點為你安排。 零。,謝謝。姓氏是福斯特。 零。
謝謝。姓氏是福斯特。 零。,福斯特先生，本周二7點見。 二。
福斯特先生，本周二7點見。 二。,非常感謝你。我感謝您的幫助。 一。
這是Shogun餐廳。 零。,您好，我需要預訂晚餐。 八。
您好，我需要預訂晚餐。 八。,你能告訴我你將來的晚上嗎？ 八。
你能告訴我你將來的晚上嗎？ 八。,我們將在周二晚上來你的餐廳。 零。
我們將在周二晚上來你的餐廳。 零。,你什麽時候和我們一起用餐？ 八。
我們的第一選擇是7:00，或者7:30。 八。,你們派對中有多少客人？ 八。
你們派對中有多少客人？ 八。,我們四個人會來。 零。
我們四個人會來。 零。,請給我你的名字，星期二早上7點，我們將為您準備一張桌子！ 零。
請給我你的名字，星期二早上7點，我們將為您準備一張桌子！ 零。,好極了！我們的姓是福斯特。 零。
好極了！我們的姓是福斯特。 零。,謝謝福斯特先生，請於本周二7點見。 零。
謝謝福斯特先生，請於本周二7點見。 零。,我期待在你的餐廳吃飯。感謝您的幫助。 零。
帕薩迪納的幕府餐廳。 零。,嗨，你能幫幫我嗎？我需要預訂晚餐。 八。
嗨，你能幫幫我嗎？我需要預訂晚餐。 八。,如果你能告訴我你喜歡預訂的晚上，我可以幫到你。 零。
如果你能告訴我你喜歡預訂的晚上，我可以幫到你。 零。,周二晚上是我們需要預訂的時間。 八。
周二晚上是我們需要預訂的時間。 八。,你認為你想吃晚飯的時間是幾點？ 八。
7：00是最好的，也可能是7:30。 零。,你的小組中有多少食客？ 八。
你的小組中有多少食客？ 八。,我們需要四個人的預訂。 零。
我們需要四個人的預訂。 零。,如果你能給我你的名字，我在7點就有一張四人餐桌。 八。
如果你能給我你的名字，我在7點就有一張四人餐桌。 八。,我的姓是福斯特。 零。
謝謝你的預訂。福斯特先生，我們將在本周二的7:00期待你。 零。,我們會在那裏！謝謝您的幫助！ 零。
晚上好，先生，歡迎來到Chez Attitude。 零。,我們在7點以福斯特的名義預訂四人晚餐。 零。
我們在7點以福斯特的名義預訂四人晚餐。 零。,是的，福斯特先生，如果你願意坐在等候區，我們的女主人會在一瞬間和你在一起。 零。
是的，福斯特先生，如果你願意坐在等候區，我們的女主人會在一瞬間和你在一起。 零。,謝謝。如果我們在等待時喝一杯雞尾酒會沒關系嗎？ 零。
謝謝。如果我們在等待時喝一杯雞尾酒會沒關系嗎？ 零。,當然，我會告訴她的。 二。
當然，我會告訴她的。 二。,我真的更喜歡外面的桌子。那有可能嗎？ 四。
我真的更喜歡外面的桌子。那有可能嗎？ 四。,當然，如果你想要其中一張桌子，我可以馬上就座。 零。
當然，如果你想要其中一張桌子，我可以馬上就座。 零。,當然，那太好了！謝謝！ 一。
當然，那太好了！謝謝！ 一。,這是您的菜單和葡萄酒菜單，您想現在訂購飲料嗎？ 九。
這是您的菜單和葡萄酒菜單，您想現在訂購飲料嗎？ 九。,是的，我想要伏特加手鐲。 九。
是的，我想要伏特加手鐲。 九。,先生，沒問題，先生。 三。
先生，沒問題，先生。 三。,非常感謝。 一。
歡迎來到我們的餐廳，Chez Attitude！ 零。,我們的預訂是福斯特的名字，時間是7點，四人。 零。
我們的預訂是福斯特的名字，時間是7點，四人。 零。,是的，福斯特先生，我們的女主人會在一會兒和你在一起。 零。
是的，福斯特先生，我們的女主人會在一會兒和你在一起。 零。,在我們等待的時候，我們想先品嘗一杯雞尾酒。當你的桌子準備好時，你能告訴女主人請來告訴我們嗎？ 零。
在我們等待的時候，我們想先品嘗一杯雞尾酒。當你的桌子準備好時，你能告訴女主人請來告訴我們嗎？ 零。,我會讓她知道你在哪裏。 零。
我會讓她知道你在哪裏。 零。,露台桌看起來很不錯。我們能坐在那兒嗎？ 四。
露台桌看起來很不錯。我們能坐在那兒嗎？ 四。,如果你願意，我可以馬上把你安排在外面的桌子上。 二。
如果你願意，我可以馬上把你安排在外面的桌子上。 二。,謝謝！我們會坐在那裏。我們將在那裏點飲料。 零。
謝謝！我們會坐在那裏。我們將在那裏點飲料。 零。,在看菜單的時候，我可以帶些雞尾酒開始嗎？ 零。
是的，你為什麽不給我們帶一瓶Chablis一瓶四杯開始？ 四。,我馬上就開始吧！ 零。
我馬上就開始吧！ 零。,我們感謝你的幫助。 零。
感謝您今晚在Chez Attitude加入我們。 零。,我是福斯特先生，我們今晚有7人晚餐預訂4人。 零。
我是福斯特先生，我們今晚有7人晚餐預訂4人。 零。,歡迎，福斯特先生，如果你在休息區有座位，我們的女主人會準備好讓你坐下來。 零。
歡迎，福斯特先生，如果你在休息區有座位，我們的女主人會準備好讓你坐下來。 零。,等我們準備喝一杯。請女主人知道她可以在那裏找到我們。 零。
等我們準備喝一杯。請女主人知道她可以在那裏找到我們。 零。,當你準備桌子時，她會來告訴你。 零。
當你準備桌子時，她會來告訴你。 零。,那些露台是新的，不是嗎？可以坐在那裏嗎？ 四。
那些露台是新的，不是嗎？可以坐在那裏嗎？ 四。,如果您想立即就座，可以使用外面的桌子。 二。
如果您想立即就座，可以使用外面的桌子。 二。,我們很樂意坐在外面。謝謝你的幫助！ 二。
我們很樂意坐在外面。謝謝你的幫助！ 二。,這是你的餐桌，現在我可以在你考慮吃晚餐的時候喝點飲料嗎？ 九。
這是你的餐桌，現在我可以在你考慮吃晚餐的時候喝點飲料嗎？ 九。,是的，在我們弄清楚我們的晚餐訂單時，你能給我們帶一罐瑪格麗塔酒和四杯啤酒嗎？ 九。
是的，在我們弄清楚我們的晚餐訂單時，你能給我們帶一罐瑪格麗塔酒和四杯啤酒嗎？ 九。,我會把你的飲料訂單放進去，然後回來接受你的晚餐訂單。 九。
我會把你的飲料訂單放進去，然後回來接受你的晚餐訂單。 九。,當你回來的時候我們會準備好訂購！ 二。
我可以開始喝任何東西嗎？ 九。,是的，請問我有水嗎？ 四。
是的，請問我有水嗎？ 四。,當然，你今天想要任何開胃菜嗎？ 九。
當然，你今天想要任何開胃菜嗎？ 九。,我可以訂購燒烤翅膀嗎？ 四。
我可以訂購燒烤翅膀嗎？ 四。,沒問題，我可以告訴你什麽嗎？ 九。
沒問題，我可以告訴你什麽嗎？ 九。,不，謝謝，現在一切都好。 零。
不，謝謝，現在一切都好。 零。,當你準備訂購食物時，請告訴我。 零。
當你準備訂購食物時，請告訴我。 零。,我準備好了。 零。
我準備好了。 零。,我能得到什麽？ 四。
我可以買到阿爾弗雷多的fettuccini嗎？ 零。,這就是全部嗎？ 九。
這就是全部嗎？ 九。,是的，就是這樣。 零。
我可以喝點什麽嗎？ 零。,好的，拜托。我可以來一杯檸檬水嗎？ 四。
好的，拜托。我可以來一杯檸檬水嗎？ 四。,你想開胃菜嗎？ 九。
你想開胃菜嗎？ 九。,我可以訂購燒烤翅膀嗎？ 九。
我可以訂購燒烤翅膀嗎？ 九。,當然，你還想要別的嗎？ 九。
當然，你還想要別的嗎？ 九。,現在好了，謝謝。 一。
現在好了，謝謝。 一。,當你想要訂購剩下的食物時告訴我。 零。
當你想要訂購剩下的食物時告訴我。 零。,對不起。我已準備好訂購。 零。
對不起。我已準備好訂購。 零。,你想要什麽？ 九。
你想要什麽？ 九。,讓我有嬰兒背肋骨。 九。
讓我有嬰兒背肋骨。 九。,當然，還有什麽我可以幫你的嗎？ 九。
當然，還有什麽我可以幫你的嗎？ 九。,現在就是這樣。 一。
我可以喝點什麽嗎？ 九。,好的，拜托。我可以來一杯檸檬水嗎？ 九。
好的，拜托。我可以來一杯檸檬水嗎？ 九。,你想開胃菜嗎？ 九。
你想開胃菜嗎？ 九。,我可以訂購燒烤翅膀嗎？ 九。
我可以訂購燒烤翅膀嗎？ 九。,當然，你還想要別的嗎？ 九。
當然，你還想要別的嗎？ 九。,現在好了，謝謝。 零。
現在好了，謝謝。 零。,當你想要訂購剩下的食物時告訴我。 零。
當你想要訂購剩下的食物時告訴我。 零。,對不起。我已準備好訂購。 零。
對不起。我已準備好訂購。 零。,你想要什麽？ 九。
你想要什麽？ 九。,讓我有嬰兒背肋骨。 九。
讓我有嬰兒背肋骨。 九。,當然，還有什麽我可以幫你的嗎？ 九。
當然，還有什麽我可以幫你的嗎？ 九。,現在就是這樣。 零。
我是你的女服務員，瑪麗。 零。,你好，瑪麗。今晚我們都很餓！ 零。
你好，瑪麗。今晚我們都很餓！ 零。,當你在查看菜單時，我可以對開胃菜感興趣嗎？ 九。
當你在查看菜單時，我可以對開胃菜感興趣嗎？ 九。,開胃菜聽起來不錯。你有特別的菜單嗎？ 九。
開胃菜聽起來不錯。你有特別的菜單嗎？ 九。,它們列在菜單的第一頁上。 九。
它們列在菜單的第一頁上。 九。,椰子蝦看起來不錯。你有沒有那個？ 九。
椰子蝦看起來不錯。你有沒有那個？ 九。,是的，非常好！ 零。
是的，非常好！ 零。,好的，我會接受的。 零。
好的，我會接受的。 零。,你想分開那個並選擇另一個開胃菜半價分享嗎？ 零。
你想分開那個並選擇另一個開胃菜半價分享嗎？ 零。,好的。在這種情況下，我們還會接受洋蔥圈的訂單。謝謝！ 二。
我叫瑪麗，今晚我將成為你的女服務員。 零。,謝謝你，瑪麗。我們一直期待著嘗試這家餐廳。 零。
謝謝你，瑪麗。我們一直期待著嘗試這家餐廳。 零。,在你的主菜之前，你想點一份開胃菜嗎？ 九。
在你的主菜之前，你想點一份開胃菜嗎？ 九。,當然，這聽起來很棒。你的開胃菜在哪裏上市？ 九。
當然，這聽起來很棒。你的開胃菜在哪裏上市？ 九。,桌子中央有一個特殊的開胃菜單。 九。
桌子中央有一個特殊的開胃菜單。 九。,雞肉和奶酪玉米餅很好看。那很好嗎？ 九。
雞肉和奶酪玉米餅很好看。那很好嗎？ 九。,你知道，這是我的最愛之一！ 零。
你知道，這是我的最愛之一！ 零。,好的，我會接受一個訂單。 九。
好的，我會接受一個訂單。 九。,你可以選擇另一個開胃菜半價分享。 零。
你可以選擇另一個開胃菜半價分享。 零。,完美！請加上洋蔥圈的訂單。 二。
我叫瑪麗，今天晚上我將成為你的服務員。 零。,嗨瑪麗。我們真的很期待這裏的美食。 零。
嗨瑪麗。我們真的很期待這裏的美食。 零。,開始時我能開胃了嗎？ 九。
開始時我能開胃了嗎？ 九。,我會喜歡開胃菜。它們是否列在菜單中？ 九。
我會喜歡開胃菜。它們是否列在菜單中？ 九。,我們的日常開胃菜列在墻上的那塊板上。 九。
我們的日常開胃菜列在墻上的那塊板上。 九。,我在考慮爆米花蝦。那個怎麽樣？ 九。
我在考慮爆米花蝦。那個怎麽樣？ 九。,那將是一個很好的選擇！ 零。
那將是一個很好的選擇！ 零。,我會相信你的品味並接受一個訂單。 九。
我會相信你的品味並接受一個訂單。 九。,我們有一個特別的地方，您可以半價訂購第二個開胃菜。 零。
我們有一個特別的地方，您可以半價訂購第二個開胃菜。 零。,在這種情況下，我們將首先選擇洋蔥圈。 二。
你有足夠的時間查看菜單嗎？ 九。,是的，我們幾乎準備訂購了。 九。
是的，我們幾乎準備訂購了。 九。,讓我提醒你當天的特價，這些特價都張貼在董事會上。 零。
讓我提醒你當天的特價，這些特價都張貼在董事會上。 零。,哦，這一切聽起來都很棒！我們可以把醬汁放在一邊嗎？ 零。
哦，這一切聽起來都很棒！我們可以把醬汁放在一邊嗎？ 零。,是的，我們很樂意準備食物以滿足您的特殊需求。 零。
是的，我們很樂意準備食物以滿足您的特殊需求。 零。,我想知道你是否有素食選擇。 九。
是的，烤蔬菜沙拉很好，而且portabella蘑菇漢堡也是不錯的選擇。 零。,我想我想點西蘭花面。 九。
我想我想點西蘭花面。 九。,這是一個很好的選擇，我現在可以把你的沙拉帶給你，或帶上你的晚餐。 九。
這是一個很好的選擇，我現在可以把你的沙拉帶給你，或帶上你的晚餐。 九。,請把我們的沙拉給我們。我們都餓了！ 二。
你準備訂購了嗎？ 九。,我認為我們很想知道我們想訂購什麽。 九。
我認為我們很想知道我們想訂購什麽。 九。,讓我告訴你當天的特色菜，這是帶有刺山柑和烤大蒜蝦的雞汁。 九。
讓我告訴你當天的特色菜，這是帶有刺山柑和烤大蒜蝦的雞汁。 九。,我想知道廚師是否可以放下醬汁。 九。
我想知道廚師是否可以放下醬汁。 九。,廚師很樂意滿足您的特殊要求。 零。
廚師很樂意滿足您的特殊要求。 零。,我是素食主義者。你有素食選擇嗎？ 九。
我是素食主義者。你有素食選擇嗎？ 九。,你可以選擇烤蔬菜和大蒜披薩或山羊奶酪和蜜餞核桃沙拉。 九。
你可以選擇烤蔬菜和大蒜披薩或山羊奶酪和蜜餞核桃沙拉。 九。,我想我們會把烤蔬菜和大蒜披薩分開。 九。
我想我們會把烤蔬菜和大蒜披薩分開。 九。,這是一個很好的選擇，我現在可以帶上你的沙拉或者用你的主菜服務。 九。
這是一個很好的選擇，我現在可以帶上你的沙拉或者用你的主菜服務。 九。,當你把我們的主菜帶給我們時，你可以把我們的沙拉帶給我們。 九。
你現在要訂購嗎？ 九。,這一切看起來都不錯！我想我們知道自己想要什麽。 九。
這一切看起來都不錯！我想我們知道自己想要什麽。 九。,請讓我指出廚師的特色，這是熏黑的鯰魚。 零。
請讓我指出廚師的特色，這是熏黑的鯰魚。 零。,我節食，廚師可以準備沒有額外醬汁的食物嗎？ 九。
我節食，廚師可以準備沒有額外醬汁的食物嗎？ 九。,我們總是很樂意調整我們的烹飪以滿足您的需求。 九。
我們總是很樂意調整我們的烹飪以滿足您的需求。 九。,你能告訴我是否有素食主菜？ 九。
你能告訴我是否有素食主菜？ 九。,腰果西蘭花面條或奶酪和蔬菜辣醬玉米餅餡將是一個很好的選擇。 九。
腰果西蘭花面條或奶酪和蔬菜辣醬玉米餅餡將是一個很好的選擇。 九。,我要去烤蝦醬蒜醬。我想要一邊的蒜醬。 九。
我要去烤蝦醬蒜醬。我想要一邊的蒜醬。 九。,你想要用你的主菜帶給你的沙拉，或者你現在想要它嗎？ 九。
你想要用你的主菜帶給你的沙拉，或者你現在想要它嗎？ 九。,您可以在我們的晚餐中享用我們的沙拉。 零。
在你看菜單的時候，我可以點一下飲料嗎？ 九。,是的，你有酒單嗎？ 九。
是的，你有酒單嗎？ 九。,酒單位於菜單的第二頁。 九。
酒單位於菜單的第二頁。 九。,這家餐館有混合飲料嗎？ 九。
這家餐館有混合飲料嗎？ 九。,是的，我們這裏有一個完整的酒吧。 零。
是的，我們這裏有一個完整的酒吧。 零。,我不確定自己想要什麽。你有特價房子嗎？ 四。
實際上，我們以我們的Cuervo Gold margaritas而聞名。 零。,聽起來不錯！請帶給我其中一個。 九。
聽起來不錯！請帶給我其中一個。 九。,你想要混合飲料還是在巖石上？ 九。
你想要混合飲料還是在巖石上？ 九。,我希望它融為一體。 零。
我希望它融為一體。 零。,你想要鹽還是鹽？ 九。
你想要鹽還是鹽？ 九。,我想要沒有鹽的瑪格麗塔，謝謝。 零。
當你在想什麽時候可以訂購晚餐時，你想訂購飲料嗎？ 九。,你能告訴我你的酒單在哪裏嗎？ 九。
你能告訴我你的酒單在哪裏嗎？ 九。,酒單就是貼在董事會上。 九。
酒單就是貼在董事會上。 九。,我們可以在這家餐廳點一杯混合飲料嗎？ 九。
我們可以在這家餐廳點一杯混合飲料嗎？ 九。,是的，我們的酒吧提供各種混合飲料。 零。
是的，我們的酒吧提供各種混合飲料。 零。,你有可以推薦的房子特價嗎？ 九。
我們最受歡迎的飲品是我們的Cuervo Gold margaritas。 九。,這對我來說聽起來不錯。我可以請一個嗎？ 九。
這對我來說聽起來不錯。我可以請一個嗎？ 九。,我可以把它帶到巖石上，還是你喜歡混合？ 九。
我可以把它帶到巖石上，還是你喜歡混合？ 九。,請把它帶到巖石上。 零。
請把它帶到巖石上。 零。,鹽還是鹽？ 九。
鹽還是鹽？ 九。,我希望它沒有鹽。 零。
我可以點一下飲料嗎？ 九。,你的酒單在哪裏？ 九。
你的酒單在哪裏？ 九。,葡萄酒的選擇張貼在桌子中間的小菜單上。 九。
葡萄酒的選擇張貼在桌子中間的小菜單上。 九。,這裏有混合飲料嗎？ 九。
這裏有混合飲料嗎？ 九。,我們可以在酒吧裏制作一些混合飲料。 零。
我們可以在酒吧裏制作一些混合飲料。 零。,我聽說你以喝酒聞名。你的特色是什麽？ 四。
我們的房子特別是我們的Cuervo Gold margarita。 零。,我現在很喜歡瑪格麗塔！這就是我要訂購的東西。 九。
我現在很喜歡瑪格麗塔！這就是我要訂購的東西。 九。,我可以在巖石上準備你的飲料，還是你喜歡混合飲料？ 九。
我可以在巖石上準備你的飲料，還是你喜歡混合飲料？ 九。,拜托，我更喜歡巖石上的瑪格麗塔酒。 零。
拜托，我更喜歡巖石上的瑪格麗塔酒。 零。,你喜歡加鹽還是不加鹽的瑪格麗塔？ 九。
你喜歡加鹽還是不加鹽的瑪格麗塔？ 九。,請不要加鹽。 零。
你喜歡吃飯嗎？ 四。,是的，我們真的很喜歡它。 零。
是的，我們真的很喜歡它。 零。,我可以在一些甜點中感興趣嗎？ 零。
我可以在一些甜點中感興趣嗎？ 零。,是的，聽起來不錯。 零。
是的，聽起來不錯。 零。,我們有特制的巧克力慕斯蛋糕和香辣朗姆酒蘋果酥。 零。
我們有特制的巧克力慕斯蛋糕和香辣朗姆酒蘋果酥。 零。,蘋果酥脆聽起來很棒。 零。
蘋果酥脆聽起來很棒。 零。,既然有四個人，你想分開第二個甜點嗎？ 九。
既然有四個人，你想分開第二個甜點嗎？ 九。,好建議。你能帶給我們一塊巧克力慕斯蛋糕和四個甜點叉嗎？ 零。
好建議。你能帶給我們一塊巧克力慕斯蛋糕和四個甜點叉嗎？ 零。,你想要點心的咖啡或茶嗎？ 九。
你想要點心的咖啡或茶嗎？ 九。,拜托，我們要喝四杯咖啡。 九。
拜托，我們要喝四杯咖啡。 九。,OK。我將帶著你的甜點和飲料回來。 零。
OK。我將帶著你的甜點和飲料回來。 零。,謝謝！我們真的很享受這裏的美食。 零。
那你的飯怎麽樣？ 四。,我們的飯很棒！ 二。
我們的飯很棒！ 二。,你想和我們一起吃甜點嗎？ 四。
你想和我們一起吃甜點嗎？ 四。,我吃飽了，但也許我們可以分一些甜點。 零。
我吃飽了，但也許我們可以分一些甜點。 零。,今晚的甜點特色包括巧克力慕斯蛋糕和辣朗姆酒蘋果脆。 零。
今晚的甜點特色包括巧克力慕斯蛋糕和辣朗姆酒蘋果脆。 零。,我很喜歡蘋果脆。 零。
我很喜歡蘋果脆。 零。,這是一個不錯的選擇，但是你願意為你們四個人分一杯甜點嗎？ 四。
這是一個不錯的選擇，但是你願意為你們四個人分一杯甜點嗎？ 四。,加入巧克力慕斯蛋糕，我們很好。我們還需要四個甜點叉。 零。
加入巧克力慕斯蛋糕，我們很好。我們還需要四個甜點叉。 零。,我可以帶點甜點的咖啡或茶嗎？ 九。
我可以帶點甜點的咖啡或茶嗎？ 九。,我們想要兩杯咖啡和兩杯茶。 九。
我們想要兩杯咖啡和兩杯茶。 九。,我會把你的甜點訂單放進去，然後回來喝你的飲料。 九。
我會把你的甜點訂單放進去，然後回來喝你的飲料。 九。,謝謝，當你回來的時候我們可以檢查一下嗎？我們有劇院門票，需要很快離開。 零。
你的餐是否符合你的要求？ 零。,我們的飯菜絕對完美！ 零。
我們的飯菜絕對完美！ 零。,一頓美味的甜點怎麽樣？ 四。
一頓美味的甜點怎麽樣？ 四。,甜點聽起來很完美，但我想和朋友分開。 零。
甜點聽起來很完美，但我想和朋友分開。 零。,在今晚的甜點清單上，我們有巧克力慕斯蛋糕和辛辣朗姆酒蘋果酥。 零。
在今晚的甜點清單上，我們有巧克力慕斯蛋糕和辛辣朗姆酒蘋果酥。 零。,我認為蘋果酥脆會很棒。 零。
我認為蘋果酥脆會很棒。 零。,一個甜點將服務兩個，所以你想分裂第二個？ 零。
一個甜點將服務兩個，所以你想分裂第二個？ 零。,我們還想要一塊巧克力慕斯蛋糕。你能給我們帶四個甜點叉嗎？ 九。
我們還想要一塊巧克力慕斯蛋糕。你能給我們帶四個甜點叉嗎？ 九。,你的甜點咖啡和茶怎麽樣？ 四。
你的甜點咖啡和茶怎麽樣？ 四。,我們都是喝茶的人。請給我們帶四茶。 零。
我們都是喝茶的人。請給我們帶四茶。 零。,我會準備你的甜點，並讓別人立刻帶給你飲料。 零。
我會準備你的甜點，並讓別人立刻帶給你飲料。 零。,熱飲首先會很棒。謝謝！ 零。
這是你的早餐！ 零。,非常感謝。 零。
小姐，我相信我命令我的雞蛋亂了，這些都是油炸的。 五。,對不起，你那邊的朋友點了炒雞蛋，我誤給你了。 六。
對不起，你那邊的朋友點了炒雞蛋，我誤給你了。 六。,哦，是的。在這裏，我將與他交易。 零。
哦，是的。在這裏，我將與他交易。 零。,先生，這是你的煎餅。 零。
先生，這是你的煎餅。 零。,但我點了華夫餅！ 五。
但我點了華夫餅！ 五。,我很抱歉！ 六。
我很抱歉！ 六。,沒關系。我會吃我的雞蛋和培根，你可以拿回我的煎餅。 五。
沒關系。我會吃我的雞蛋和培根，你可以拿回我的煎餅。 五。,好的，先生。我馬上就會照顧好。 六。
好的，先生。我馬上就會照顧好。 六。,非常感謝你！ 一。
我相信你點了大滿貫早餐。 零。,哦，好！你知道，我正在看我的盤子，我點了炒雞蛋，沒炒。 零。
哦，好！你知道，我正在看我的盤子，我點了炒雞蛋，沒炒。 零。,我剛註意到我不小心把你朋友的早餐帶給了你。 零。
我剛註意到我不小心把你朋友的早餐帶給了你。 零。,我可以和他交易，謝謝。 零。
我可以和他交易，謝謝。 零。,還有煎餅給你，先生。 零。
還有煎餅給你，先生。 零。,對不起，我想我點了華夫餅。 五。
對不起，我想我點了華夫餅。 五。,對不起，我聽錯了你。 六。
對不起，我聽錯了你。 六。,請把我的煎餅換成華夫餅。在我等待的時候，我會吃我的培根和雞蛋。 五。
請把我的煎餅換成華夫餅。在我等待的時候，我會吃我的培根和雞蛋。 五。,我會用你的華夫餅直接回到你身邊。 六。
我會用你的華夫餅直接回到你身邊。 六。,我很感激。 零。
給你一個大滿貫早餐！ 零。,謝謝。你知道，我剛註意到這些雞蛋都是油炸的，我點了炒蛋。 五。
謝謝。你知道，我剛註意到這些雞蛋都是油炸的，我點了炒蛋。 五。,謝謝你指出了這一點。我錯誤地給了你朋友的早餐。 零。
謝謝你指出了這一點。我錯誤地給了你朋友的早餐。 零。,沒問題。我可以跟他交易我的盤子。 零。
沒問題。我可以跟他交易我的盤子。 零。,為您特別訂購香蕉煎餅！ 零。
為您特別訂購香蕉煎餅！ 零。,煎餅？我不喜歡煎餅。我點了華夫餅。 五。
煎餅？我不喜歡煎餅。我點了華夫餅。 五。,對不起，先生！ 六。
對不起，先生！ 六。,當你把我的煎餅換成華夫餅時，我可以吃我的培根和雞蛋。 五。
當你把我的煎餅換成華夫餅時，我可以吃我的培根和雞蛋。 五。,我現在就把那些煎餅換成華夫餅。 六。
我現在就把那些煎餅換成華夫餅。 六。,那會照顧它，謝謝。 零。
多麽美妙的晚餐！ 二。,謝謝。我很高興你很享受。 二。
謝謝。我很高興你很享受。 二。,你從哪裏得到了很棒的食譜？ 四。
你從哪裏得到了很棒的食譜？ 四。,我從小做飯。我母親和我分享了她的食譜。 零。
我從小做飯。我母親和我分享了她的食譜。 零。,我特別喜歡這道美味的雞肉菜肴。 零。
我特別喜歡這道美味的雞肉菜肴。 零。,那是一道特別的椰子姜雞飯。 零。
那是一道特別的椰子姜雞飯。 零。,那湯裏的蝦？ 四。
那湯裏的蝦？ 四。,是的，你喜歡嗎？我加了一點額外的檸檬草和一些海洋蔬菜。 零。
是的，你喜歡嗎？我加了一點額外的檸檬草和一些海洋蔬菜。 零。,我很高興我帶給你的葡萄酒適合這頓飯。 零。
我很高興我帶給你的葡萄酒適合這頓飯。 零。,是的，謝謝你帶來的葡萄酒。它真的補充了這頓飯。 零。
這是一頓美餐！ 二。,謝謝。我很高興所有事情都如此順利。 二。
謝謝。我很高興所有事情都如此順利。 二。,誰教你如何做好這個？ 四。
誰教你如何做好這個？ 四。,我在烹飪學院上了一堂烹飪課。 零。
我在烹飪學院上了一堂烹飪課。 零。,哇，這個雞肉菜是什麽？ 四。
哇，這個雞肉菜是什麽？ 四。,那不是很好嗎？那是椰子姜雞飯。 零。
那不是很好嗎？那是椰子姜雞飯。 零。,這湯是蝦湯嗎？ 四。
這湯是蝦湯嗎？ 四。,是的，那裏有蝦和海洋蔬菜和檸檬草。 零。
是的，那裏有蝦和海洋蔬菜和檸檬草。 零。,我覺得我很幸運能選擇一種與這頓飯融為一體的葡萄酒。 二。
我覺得我很幸運能選擇一種與這頓飯融為一體的葡萄酒。 二。,我很感謝你帶來的葡萄酒。它適合雞肉。 二。
我真的很喜歡這頓飯。 二。,謝謝。我希望你們都能享用這頓飯。 二。
謝謝。我希望你們都能享用這頓飯。 二。,你在哪裏學習烹飪這些神奇的菜肴？ 四。
你在哪裏學習烹飪這些神奇的菜肴？ 四。,我為我的生日準備了一本非常精彩的食譜，並決定嘗試一些食譜。 零。
我為我的生日準備了一本非常精彩的食譜，並決定嘗試一些食譜。 零。,雞是出這個世界！ 零。
雞是出這個世界！ 零。,我也喜歡這道菜。它是椰子雞飯。 二。
我也喜歡這道菜。它是椰子雞飯。 二。,我想知道湯裏是否有蝦。 四。
我想知道湯裏是否有蝦。 四。,是的，那湯有一個蝦基。我還加了海蔬菜和檸檬草。 零。
是的，那湯有一個蝦基。我還加了海蔬菜和檸檬草。 零。,很好，我帶來的葡萄酒似乎與這頓飯融為一體。 零。
很好，我帶來的葡萄酒似乎與這頓飯融為一體。 零。,我喜歡這款酒！雞肉很好吃。 二。
喬治，你的雞怎麽樣？ 四。,我的雞肉味道很好，但很幹。你的魚怎麽樣？ 零。
我的雞肉味道很好，但很幹。你的魚怎麽樣？ 零。,我的魚也很幹。 五。
我的魚也很幹。 五。,這幾乎就像這種食物已經坐了太久了。它似乎並不新鮮。 五。
這幾乎就像這種食物已經坐了太久了。它似乎並不新鮮。 五。,是的，對我來說似乎也是這樣。 零。
是的，對我來說似乎也是這樣。 零。,你的蔬菜怎麽樣？ 四。
你的蔬菜怎麽樣？ 四。,我的蔬菜非常潮濕。 五。
我的蔬菜非常潮濕。 五。,我的方式是一樣的。看起來他們已經過度烹飪了。 五。
我的方式是一樣的。看起來他們已經過度烹飪了。 五。,我通常不會抱怨，但我認為我們應該向服務員提一下。 五。
我通常不會抱怨，但我認為我們應該向服務員提一下。 五。,我同意。也許他們可以為我們帶來更好的食物。 五。
喬治，你的雞好嗎？ 四。,味道很好，但真的很幹。你的魚好嗎？ 四。
味道很好，但真的很幹。你的魚好嗎？ 四。,我的魚很幹。 五。
我的魚很幹。 五。,我想知道他們是否會在服務之前將它放置太久。 五。
我想知道他們是否會在服務之前將它放置太久。 五。,這正是我的想法。 零。
這正是我的想法。 零。,你的蔬菜好嗎？ 五。
你的蔬菜好嗎？ 五。,蔬菜有點糊狀。 零。
蔬菜有點糊狀。 零。,我的也是。我想他們讓他們做飯太久了。 五。
我的也是。我想他們讓他們做飯太久了。 五。,這裏的食物通常都很好，所以我想我們應該告訴服務員有問題。 五。
這裏的食物通常都很好，所以我想我們應該告訴服務員有問題。 五。,我認為你是對的。也許他們可以給我們一個免費的甜點或其他東西。 五。
你的雞肉味道還好嗎？ 四。,雞肉味道很好，但有點幹。你的魚好嗎？ 四。
雞肉味道很好，但有點幹。你的魚好嗎？ 四。,我的魚有很好的調味料，但有點幹。 五。
我的魚有很好的調味料，但有點幹。 五。,看起來好像他們忙著把它放在它到我們面前。 零。
看起來好像他們忙著把它放在它到我們面前。 零。,是的，也許他們今晚在廚房裏做空了。 零。
是的，也許他們今晚在廚房裏做空了。 零。,你的蔬菜有點糊狀嗎？ 四。
你的蔬菜有點糊狀嗎？ 四。,蔬菜似乎不是很新鮮。 五。
蔬菜似乎不是很新鮮。 五。,我的也不是那麽好。 五。
我的也不是那麽好。 五。,我通常喜歡這裏的飯菜，所以我想我們應該告訴服務員這頓飯有什麽問題。 五。
我通常喜歡這裏的飯菜，所以我想我們應該告訴服務員這頓飯有什麽問題。 五。,我想我們應該讓別人知道。他們可能想要解決問題。 五。
你想要一些甜點嗎？ 四。,不，謝謝。我們只需要支票。你見過女服務員了嗎？ 零。
不，謝謝。我們只需要支票。你見過女服務員了嗎？ 零。,我們的女服務員來檢查。 零。
我們的女服務員來檢查。 零。,這裏的服務真的很棒，你不覺得嗎？ 四。
這裏的服務真的很棒，你不覺得嗎？ 四。,是的，服務非常好。 二。
那麽，讓我們來看看支票。總價為3六。00美元。 九。,你認為我們應該留下多少小費？ 九。
通常人們會留下15％，但這是特殊的服務。我想也許20％是合適的。 零。,我同意20％的選擇是正確的。 零。
好的，所以這會讓她的小費達到七。20美元。加上3六。00美元，總價為4三。20美元。 九。,是的，真是個美味的晚餐！ 零。
是的，真是個美味的晚餐！ 零。,我們必須確保很快再次回到這裏。 零。
你想要更多咖啡嗎？ 四。,不，謝謝。我飽了。我們需要找到我們的女服務員並獲得我們的賬單。 九。
不，謝謝。我飽了。我們需要找到我們的女服務員並獲得我們的賬單。 九。,女服務員現在正在提起這項法案。 零。
女服務員現在正在提起這項法案。 零。,這位女服務員真的處在最重要的事情上，不是嗎？ 四。
這位女服務員真的處在最重要的事情上，不是嗎？ 四。,是的，這位女服務員做得很好。 零。
好的，讓我們看看損壞是什麽。我們的餐點總額為3六。00美元。 零。,你覺得什麽是適當的數量留下小費？ 四。
你覺得什麽是適當的數量留下小費？ 四。,百分之十五是正常的小費，但她確實做得很好。你這次20％的想法是什麽？ 四。
百分之十五是正常的小費，但她確實做得很好。你這次20％的想法是什麽？ 四。,是的，20％是完美的。 零。
她的小費將最終為七。20美元加上3六。00美元的賬單。總金額為4三。20美元。 九。,是的，這是一頓美妙的一餐！ 二。
是的，這是一頓美妙的一餐！ 二。,我同意。也許我們下周可以再來一次。 二。
你想訂購別的嗎？ 四。,不，我很好。我們現在需要的就是檢查。 九。
不，我很好。我們現在需要的就是檢查。 九。,即使我們說話，女服務員也會帶著我們的支票走過這裏。 零。
即使我們說話，女服務員也會帶著我們的支票走過這裏。 零。,我在這家餐廳從未有過糟糕的服務，但這次非常特別。 零。
我在這家餐廳從未有過糟糕的服務，但這次非常特別。 零。,是的，她真的不遺余力地為這種愉快的用餐體驗。 零。
我們來看看我們的賬單。我們的晚餐總價為3六。00美元。 九。,我們應該留出多少錢給小費？ 四。
我知道15％是正常的小費，但我真的以為這位服務員為我們走了。你怎麽看待她的20％？ 四。,她絕對應該獲得20％的小費。 零。
所以我們可以將她的小費七。20美元添加到3六。00美元的賬單中，總額將是4三。20美元。 九。,是的，多麽美妙的一餐！ 二。
是的，多麽美妙的一餐！ 二。,絕對是一頓美餐。我們有時候必須回到這裏吃午飯。 二。
你想要一些甜點嗎？ 四。,不，謝謝。我們只需要支票。你見過女服務員了嗎？ 四。
不，謝謝。我們只需要支票。你見過女服務員了嗎？ 四。,無論如何我們的女服務員在哪裏？ 四。
無論如何我們的女服務員在哪裏？ 四。,是的，這項服務並不是最好的。那是我們的女服務員嗎？ 四。
是的，這項服務並不是最好的。那是我們的女服務員嗎？ 四。,我會走過去買賬單，因為我不認為女服務員很快就會來這裏。 零。
我會走過去買賬單，因為我不認為女服務員很快就會來這裏。 零。,好主意。把它帶回來，我們會一起搞清楚。 零。
所以賬單是3六。00美元。 九。,你認為我們應該留下多少小費？ 四。
你認為我們應該留下多少小費？ 四。,我的第一個傾向是不留任何小費。 零。
我的第一個傾向是不留任何小費。 零。,我同意，但我們並不完全了解整個故事。廚房可能存在問題，超出了她的控制範圍。 零。
我同意，但我們並不完全了解整個故事。廚房可能存在問題，超出了她的控制範圍。 零。,讓我們留下10％，這樣我們至少可以為服務留下一些東西。 零。
讓我們留下10％，這樣我們至少可以為服務留下一些東西。 零。,我同意。我們將留下三。60美元的小費。 九。
你想要更多咖啡嗎？ 四。,不，謝謝。我飽了。我們需要找到我們的女服務員並獲得我們的賬單。 九。
不，謝謝。我飽了。我們需要找到我們的女服務員並獲得我們的賬單。 九。,祝你找到女服務員！ 零。
祝你找到女服務員！ 零。,今晚的服務很糟糕。那是我們的服務器嗎？ 五。
今晚的服務很糟糕。那是我們的服務器嗎？ 五。,我會去檢查，因為我們的服務器似乎沒有這種方式。 零。
我會去檢查，因為我們的服務器似乎沒有這種方式。 零。,好的。我會留在這裏，直到你回來。 零。
所以晚餐的總價是3六。00美元。 九。,你認為我們的女服務員應該得到多少小費？ 四。
你認為我們的女服務員應該得到多少小費？ 四。,我想知道如果服務沒有提示是否合適。 四。
我想知道如果服務沒有提示是否合適。 四。,我有點同樣的感覺，但他們今晚可能真的很缺人。 零。
我有點同樣的感覺，但他們今晚可能真的很缺人。 零。,我認為我們應該留下10％。 零。
我認為我們應該留下10％。 零。,$ 三。60將是小費的正確數額。 九。
你想訂購別的嗎？ 四。,不，我很好。我們現在需要的就是檢查。 零。
不，我很好。我們現在需要的就是檢查。 零。,我們的女服務員今晚有點稀缺，不是嗎？ 四。
我們的女服務員今晚有點稀缺，不是嗎？ 四。,我認為那是我們的酒吧服務員。男孩，今晚的服務還不好。 五。
我認為那是我們的酒吧服務員。男孩，今晚的服務還不好。 五。,她似乎沒有這樣的方向，所以我會去檢查。 零。
她似乎沒有這樣的方向，所以我會去檢查。 零。,好的。把它帶回去我們將它們合在一起。 零。
我們的晚餐總價為3六。00美元。 九。,你覺得提示的數量是多少？ 四。
你覺得提示的數量是多少？ 四。,我有點不想為我們收到的糟糕服務留下任何小費。 零。
我有點不想為我們收到的糟糕服務留下任何小費。 零。,我同意這是糟糕的服務，但我聽到其他一位服務員提到這是我們服務器工作的第一個晚上。 零。
我同意這是糟糕的服務，但我聽到其他一位服務員提到這是我們服務器工作的第一個晚上。 零。,我相信10％是正確的。 零。
我相信10％是正確的。 零。,我認為三。60美元的小費將是合適的離開金額。 九。
那麽，你是怎麽喜歡這家餐館的？ 四。,我覺得這很好。 二。
我覺得這很好。 二。,我覺得食物很棒。 二。
我覺得食物很棒。 二。,你最喜歡什麽？ 四。
你最喜歡什麽？ 四。,我最喜歡魚。 二。
我最喜歡魚。 二。,我也喜歡這條魚，但我最喜歡甜點。 二。
我也喜歡這條魚，但我最喜歡甜點。 二。,是的，澳洲堅果蛋糕很棒。 二。
是的，澳洲堅果蛋糕很棒。 二。,服務不是一流的嗎？ 四。
服務不是一流的嗎？ 四。,是的，服務員非常細心。 二。
是的，服務員非常細心。 二。,我希望很快能回到這家餐館。 二。
你喜歡這家餐館嗎？ 四。,非常好。 二。
非常好。 二。,食物很棒。 二。
食物很棒。 二。,你最喜歡的菜是什麽？ 四。
你最喜歡的菜是什麽？ 四。,魚是我的最愛。 二。
魚是我的最愛。 二。,是的，魚很棒，但甜點很棒。 二。
是的，魚很棒，但甜點很棒。 二。,我同意澳洲堅果蛋糕很棒。 二。
我同意澳洲堅果蛋糕很棒。 二。,你不覺得這項服務是最好的嗎？ 四。
你不覺得這項服務是最好的嗎？ 四。,是的，我們的服務員真的為我們走了。 二。
是的，我們的服務員真的為我們走了。 二。,我很快就想回到這家餐館。 二。
你覺得這家餐館怎麽樣？ 四。,我真的很喜歡！ 二。
我真的很喜歡！ 二。,我真的很喜歡這裏的食物。 二。
我真的很喜歡這裏的食物。 二。,你最喜歡什麽？ 四。
你最喜歡什麽？ 四。,我最喜歡這條魚。 二。
我最喜歡這條魚。 二。,魚很特別，但我很喜歡甜點。 二。
魚很特別，但我很喜歡甜點。 二。,澳洲堅果蛋糕是這個世界！ 二。
澳洲堅果蛋糕是這個世界！ 二。,我真的覺得這項服務特別好。 二。
我真的覺得這項服務特別好。 二。,是的，該服務確實增加了體驗。 二。
是的，該服務確實增加了體驗。 二。,我很期待回到這家餐廳。 二。
那你怎麽喜歡這家餐館？ 四。,實際上，本來可以更好。 零。
實際上，本來可以更好。 零。,你不喜歡什麽？ 四。
你不喜歡什麽？ 四。,這是一家新餐館。我認為他們沒有一起行動。 零。
這是一家新餐館。我認為他們沒有一起行動。 零。,你對食物有什麽看法？ 四。
你對食物有什麽看法？ 四。,我覺得食物很平庸。 零。
我覺得食物很平庸。 零。,服務也不是很好。 五。
服務也不是很好。 五。,我同意。服務不好。 五。
我同意。服務不好。 五。,你覺得你想再試一次這家餐館嗎？ 四。
你覺得你想再試一次這家餐館嗎？ 四。,不，我想我已經吃夠了這家餐館。 零。
你喜歡這家餐館嗎？ 四。,我真的不喜歡這麽多。 五。
我真的不喜歡這麽多。 五。,您認為問題是什麽？ 四。
您認為問題是什麽？ 四。,嗯，他們很新。我只是覺得他們還沒有準備好開放。 五。
嗯，他們很新。我只是覺得他們還沒有準備好開放。 五。,你對食物有什麽看法？ 四。
你對食物有什麽看法？ 四。,食物並不那麽令人興奮。 五。
食物並不那麽令人興奮。 五。,我認為服務也不好。 五。
我認為服務也不好。 五。,是的，這項服務肯定沒有增加經驗。 五。
是的，這項服務肯定沒有增加經驗。 五。,你想回到這家餐館嗎？ 四。
你想回到這家餐館嗎？ 四。,也許我們可以在事情穩定下來的幾個月內再試一次。 二。
你覺得那家餐館怎麽樣？ 四。,不是那麽好。 五。
不是那麽好。 五。,你最不喜歡什麽？ 四。
你最不喜歡什麽？ 四。,我認為他們沒有一起行動。他們似乎沒有做好充分準備。 五。
我認為他們沒有一起行動。他們似乎沒有做好充分準備。 五。,你覺得食物好嗎？ 四。
你覺得食物好嗎？ 四。,我對食物印象不深。 五。
我對食物印象不深。 五。,服務肯定會更好。 二。
服務肯定會更好。 二。,服務沒有幫助。 五。
服務沒有幫助。 五。,這是一家你想回來的餐館嗎？ 四。
這是一家你想回來的餐館嗎？ 四。,我對再次嘗試這家餐廳並不感興趣。 零。
歡迎您，您想訂購什麽？ 九。,我想要一個雙層芝士漢堡。 九。
我想要一個雙層芝士漢堡。 九。,你想要一切嗎？ 九。
你想要一切嗎？ 九。,我想要一切，謝謝。 零。
我想要一切，謝謝。 零。,你想要炸薯條嗎？ 九。
你想要炸薯條嗎？ 九。,我來買一些大卷炸薯條。 零。
我來買一些大卷炸薯條。 零。,我可以喝點什麽嗎？ 九。
我可以喝點什麽嗎？ 九。,當然，中等百事可樂怎麽樣？ 零。
當然，中等百事可樂怎麽樣？ 零。,這就是一切嗎？ 九。
這就是一切嗎？ 九。,那就是全部。謝謝。 零。
那就是全部。謝謝。 零。,不客氣，你的總價是五。48美元。 九。
不客氣，你的總價是五。48美元。 九。,謝謝。幹得好。 九。
我能得到什麽？ 九。,您好，我可以吃雙層芝士漢堡嗎？ 九。
您好，我可以吃雙層芝士漢堡嗎？ 九。,有什麽東西嗎？ 九。
有什麽東西嗎？ 九。,聽起來不錯。 九。
聽起來不錯。 九。,你想要點炸薯條嗎？ 九。
你想要點炸薯條嗎？ 九。,我可以買一大卷炸薯條嗎？ 九。
我可以買一大卷炸薯條嗎？ 九。,你想喝點東西嗎？ 九。
你想喝點東西嗎？ 九。,給我一個中等百事可樂。 九。
給我一個中等百事可樂。 九。,你還想要別的嗎？ 九。
你還想要別的嗎？ 九。,不，謝謝。而已。 九。
不，謝謝。而已。 九。,沒問題，那將是五。48美元。 九。
沒問題，那將是五。48美元。 九。,謝謝。幹得好。 九。
我能得到什麽？ 九。,您好，我可以吃雙層芝士漢堡嗎？ 九。
您好，我可以吃雙層芝士漢堡嗎？ 九。,有什麽東西嗎？ 九。
有什麽東西嗎？ 九。,聽起來不錯。 零。
聽起來不錯。 零。,你想要點炸薯條嗎？ 九。
你想要點炸薯條嗎？ 九。,我可以買一大卷炸薯條嗎？ 零。
我可以買一大卷炸薯條嗎？ 零。,你想喝點東西嗎？ 九。
你想喝點東西嗎？ 九。,給我一個中等百事可樂。 零。
給我一個中等百事可樂。 零。,你還想要別的嗎？ 九。
你還想要別的嗎？ 九。,不，謝謝。而已。 零。
不，謝謝。而已。 零。,沒問題，那將是五。48美元。 九。
沒問題，那將是五。48美元。 九。,非常感謝。不用找了。 零。
我可以幫你嗎？ 九。,雙層芝士漢堡聽起來不錯。 零。
雙層芝士漢堡聽起來不錯。 零。,關於它的一切？ 九。
關於它的一切？ 九。,好的，拜托。 零。
好的，拜托。 零。,你想要炸薯條嗎？ 九。
你想要炸薯條嗎？ 九。,我會喜歡大卷炸薯條。 零。
我會喜歡大卷炸薯條。 零。,你想喝點什麽嗎？ 九。
你想喝點什麽嗎？ 九。,是的，讓我有一個中等百事可樂。 零。
是的，讓我有一個中等百事可樂。 零。,這就是全部嗎？ 九。
這就是全部嗎？ 九。,是的，就是這樣。謝謝。 零。
是的，就是這樣。謝謝。 零。,你的總價為五。48美元。 九。
